order_id,order_date,customer_id,product_id,quantity,discount,channel,delivery_days
ORD-10001,2025-10-12,C0093,P012,3,0.0,Партнёр,3
ORD-10002,2025-04-18,C0008,P001,2,0.0,Онлайн,4
ORD-10003,2025-10-16,C0057,P001,1,0.0,Онлайн,6
ORD-10004,2025-11-24,C0126,P006,2,0.05,Онлайн,5
ORD-10005,2025-02-25,C0001,P004,1,0.15,Онлайн,6
ORD-10006,2025-04-11,C0089,P001,2,0.05,Магазин,4
ORD-10007,2025-07-13,C0047,P003,2,0.0,Онлайн,6
ORD-10008,2025-05-02,C0042,P009,2,0.2,Онлайн,4
ORD-10009,2025-11-12,C0129,P003,1,0.0,Онлайн,4
ORD-10010,2025-02-02,C0002,P012,2,0.0,Онлайн,1
ORD-10011,2025-06-23,C0044,P002,4,0.1,Магазин,4
ORD-10012,2025-04-13,C0154,P007,4,0.0,Магазин,7
ORD-10013,2025-04-17,C0046,P003,6,0.05,Магазин,9
ORD-10014,2025-01-29,C0066,P009,5,0.05,Магазин,5
ORD-10015,2025-04-19,C0039,P007,3,0.05,Онлайн,4
ORD-10016,2025-09-26,C0063,P005,1,0.0,Магазин,5
ORD-10017,2025-04-21,C0133,P010,2,0.15,Магазин,6
ORD-10018,2025-10-11,C0026,P009,5,0.0,Онлайн,8
ORD-10019,2025-04-07,C0001,P012,1,0.2,Магазин,5
ORD-10020,2025-07-29,C0162,P002,6,0.1,Магазин,6
ORD-10021,2025-09-21,C0010,P006,4,0.05,Магазин,2
ORD-10022,2025-03-11,C0004,P001,4,0.0,Партнёр,7
ORD-10023,2025-08-15,C0110,P003,4,0.05,Магазин,4
ORD-10024,2025-10-06,C0103,P004,5,0.2,Онлайн,4
ORD-10025,2025-12-11,C0003,P001,5,0.1,Онлайн,4
ORD-10026,2025-10-09,C0161,P008,3,0.1,Онлайн,5
ORD-10027,2025-04-07,C0033,P009,2,0.15,Партнёр,4
ORD-10028,2025-05-06,C0085,P011,5,0.15,Онлайн,4
ORD-10029,2025-02-02,C0134,P008,5,0.15,Магазин,4
ORD-10030,2025-10-12,C0163,P009,6,0.15,Онлайн,9
ORD-10031,2025-06-07,C0134,P006,1,0.2,Онлайн,6
ORD-10032,2025-12-06,C0160,P008,3,0.05,Магазин,6
ORD-10033,2025-05-21,C0074,P001,4,0.2,Онлайн,9
ORD-10034,2025-05-04,C0068,P005,3,0.0,Онлайн,4
ORD-10035,2025-01-18,C0062,P001,6,,Онлайн,7
ORD-10036,2025-08-02,C0159,P005,2,0.0,Онлайн,4
ORD-10037,2025-01-21,C0085,P006,2,0.0,Онлайн,5
ORD-10038,2025-03-31,C0118,P009,3,0.0,Онлайн,4
ORD-10039,2025-04-25,C0138,P004,6,0.15,Партнёр,7
ORD-10040,2025-05-10,C0172,P008,1,0.0,Онлайн,6
ORD-10041,2025-06-05,C0018,P010,6,0.1,Онлайн,5
ORD-10042,2025-01-30,C0046,P006,1,0.15,Магазин,5
ORD-10043,2025-09-28,C0054,P011,3,0.05,Магазин,2
ORD-10044,2025-01-16,C0038,P008,6,0.0,Партнёр,5
ORD-10045,2025-05-21,C0048,P003,6,0.0,Онлайн,7
ORD-10046,2025-03-09,C0045,P011,5,0.15,Партнёр,4
ORD-10047,2025-07-15,C0096,P009,2,0.0,Онлайн,4
ORD-10048,2025-01-28,C0160,P001,5,0.05,Онлайн,6
ORD-10049,2025-05-24,C0097,P010,3,0.0,Онлайн,5
ORD-10050,2025-02-02,C0087,P011,6,0.0,Онлайн,5
ORD-10051,2025-03-02,C0046,P011,1,0.0,Партнёр,7
ORD-10052,2025-12-01,C0110,P001,3,0.05,Онлайн,4
ORD-10053,2025-11-03,C0178,P002,5,0.1,Онлайн,5
ORD-10054,2025-10-30,C0166,P009,3,0.0,Онлайн,4
ORD-10055,2025-08-29,C0113,P001,5,0.15,Онлайн,5
ORD-10056,2025-07-13,C0079,P004,4,0.0,Партнёр,5
ORD-10057,2025-11-17,C0012,P005,3,0.0,Онлайн,7
ORD-10058,2025-07-01,C0071,P002,6,0.05,Магазин,5
ORD-10059,2025-04-21,C0119,P008,4,0.05,Партнёр,4
ORD-10060,2025-07-22,C0032,P002,5,0.15,Онлайн,4
ORD-10061,2025-04-16,C0161,P009,5,0.2,Онлайн,7
ORD-10062,2025-03-04,C0055,P005,6,0.05,Магазин,3
ORD-10063,2025-11-23,C0102,P002,5,0.05,Партнёр,10
ORD-10064,2025-03-11,C0117,P005,3,0.05,Онлайн,4
ORD-10065,2025-10-29,C0017,P004,5,0.1,Магазин,6
ORD-10066,2025-11-20,C0059,P010,2,0.15,Партнёр,7
ORD-10067,2025-11-30,C0121,P003,1,0.0,Онлайн,5
ORD-10068,2025-04-13,C0122,P011,6,0.0,Онлайн,3
ORD-10069,2025-10-08,C0172,P007,4,0.0,Магазин,6
ORD-10070,2025-09-20,C0176,P007,3,0.1,Онлайн,3
ORD-10071,2025-09-13,C0158,P012,4,0.05,Партнёр,5
ORD-10072,2025-04-30,C0058,P011,4,0.05,Магазин,4
ORD-10073,2025-10-23,C0044,P005,6,0.15,Магазин,5
ORD-10074,2025-01-08,C0135,P012,5,0.1,Онлайн,4
ORD-10075,2025-09-13,C0044,P008,4,0.05,Онлайн,5
ORD-10076,2025-05-13,C0074,P004,2,0.15,Партнёр,7
ORD-10077,2025-05-14,C0002,P001,3,0.15,Магазин,3
ORD-10078,2025-09-13,C0140,P008,1,0.05,Партнёр,5
ORD-10079,2025-12-12,C0028,P001,3,0.1,Партнёр,6
ORD-10080,2025-08-19,C0013,P012,1,0.15,Онлайн,5
ORD-10081,2025-03-23,C0120,P006,1,0.15,Онлайн,4
ORD-10082,2025-07-04,C0100,P003,4,0.1,Магазин,6
ORD-10083,2025-01-09,C0180,P001,4,0.0,Магазин,5
ORD-10084,2025-04-27,C0058,P004,3,0.05,Онлайн,6
ORD-10085,2025-10-06,C0064,P004,5,0.15,Магазин,6
ORD-10086,2025-05-25,C0058,P003,5,0.15,Онлайн,6
ORD-10087,2025-04-08,C0026,P007,6,0.0,Онлайн,9
ORD-10088,2025-04-13,C0013,P007,1,0.0,Онлайн,5
ORD-10089,2025-02-06,C0007,P005,4,0.15,Онлайн,7
ORD-10090,2025-01-24,C0155,P004,5,0.1,Магазин,7
ORD-10091,2025-06-04,C0072,P007,5,0.0,Магазин,5
ORD-10092,2025-07-16,C0136,P009,3,0.05,Онлайн,8
ORD-10093,2025-08-25,C0136,P012,1,0.0,Онлайн,8
ORD-10094,2025-01-17,C0149,P001,3,0.2,Онлайн,4
ORD-10095,2025-03-07,C0081,P012,3,0.15,Партнёр,5
ORD-10096,2025-06-15,C0035,P008,2,0.1,Онлайн,7
ORD-10097,2025-01-03,C0102,P009,4,0.15,Магазин,8
ORD-10098,2025-07-13,C0009,P012,4,0.05,Онлайн,4
ORD-10099,2025-04-05,C0137,P002,5,0.1,Онлайн,5
ORD-10100,2025-02-18,C0094,P002,2,0.1,Магазин,5
ORD-10101,2025-05-13,C0001,P001,2,0.15,Магазин,6
ORD-10102,2025-11-03,C0161,P002,3,0.05,Партнёр,7
ORD-10103,2025-05-05,C0039,P006,4,0.0,Магазин,5
ORD-10104,2025-11-22,C0018,P005,2,0.05,Онлайн,4
ORD-10105,2025-08-26,C0155,P003,2,0.05,Онлайн,8
ORD-10106,2025-05-05,C0048,P012,4,0.0,Партнёр,4
ORD-10107,2025-09-13,C0018,P010,1,0.0,Магазин,3
ORD-10108,2025-03-14,C0154,P012,5,0.15,Онлайн,9
ORD-10109,2025-06-11,C0008,P003,3,0.05,Партнёр,5
ORD-10110,2025-12-01,C0146,P012,2,0.2,Онлайн,5
ORD-10111,2025-10-21,C0072,P010,4,0.0,Онлайн,7
ORD-10112,2025-12-25,C0019,P010,6,0.1,Онлайн,8
ORD-10113,2025-06-10,C0078,P010,4,0.15,Партнёр,5
ORD-10114,2025-10-10,C0060,P004,3,0.1,Онлайн,5
ORD-10115,2025-05-08,C0100,P005,2,0.05,Онлайн,8
ORD-10116,2025-04-22,C0030,P007,5,0.05,Онлайн,7
ORD-10117,2025-10-04,C0136,P007,2,0.15,Партнёр,8
ORD-10118,2025-02-08,C0121,P012,1,0.2,Онлайн,5
ORD-10119,2025-12-03,C0105,P012,1,0.0,Магазин,3
ORD-10120,2025-01-31,C0005,P005,5,0.15,Онлайн,6
ORD-10121,2025-06-15,C0001,P007,5,0.05,Партнёр,9
ORD-10122,2025-11-07,C0102,P001,2,0.0,Магазин,5
ORD-10123,2025-03-20,C0097,P003,6,0.2,Партнёр,5
ORD-10124,2025-12-06,C0107,P012,6,0.05,Онлайн,7
ORD-10125,2025-07-04,C0087,P003,4,0.2,Магазин,7
ORD-10126,2025-12-08,C0067,P002,3,0.0,Магазин,7
ORD-10127,2025-01-26,C0052,P009,2,0.15,Онлайн,5
ORD-10128,2025-07-04,C0084,P006,5,0.0,Магазин,6
ORD-10129,2025-10-16,C0112,P002,1,0.05,Онлайн,2
ORD-10130,2025-06-13,C0026,P007,2,0.05,Онлайн,9
ORD-10131,2025-03-14,C0073,P003,5,0.2,Онлайн,6
ORD-10132,2025-12-28,C0157,P011,4,0.05,Онлайн,8
ORD-10133,2025-03-16,C0097,P005,6,0.2,Онлайн,4
ORD-10134,2025-07-18,C0055,P007,6,0.0,Партнёр,3
ORD-10135,2025-11-29,C0022,P004,1,0.15,Онлайн,3
ORD-10136,2025-01-26,C0165,P011,4,0.05,Онлайн,7
ORD-10137,2025-03-04,C0175,P004,2,0.0,Онлайн,4
ORD-10138,2025-03-14,C0017,P009,6,0.1,Магазин,7
ORD-10139,2025-08-14,C0152,P005,6,0.0,Магазин,8
ORD-10140,2025-05-22,C0098,P012,6,0.2,Магазин,1
ORD-10141,2025-06-16,C0083,P011,3,0.05,Онлайн,6
ORD-10142,2025-09-22,C0014,P007,5,0.05,Партнёр,8
ORD-10143,2025-02-01,C0007,P004,1,0.0,Партнёр,8
ORD-10144,2025-05-20,C0093,P008,6,0.2,Онлайн,6
ORD-10145,2025-05-10,C0028,P012,1,0.0,Магазин,3
ORD-10146,2025-04-06,C0097,P008,4,0.0,Магазин,6
ORD-10147,2025-08-26,C0156,P008,6,0.05,Онлайн,10
ORD-10148,2025-05-29,C0079,P008,6,0.05,Магазин,5
ORD-10149,2025-06-04,C0033,P008,2,0.1,Магазин,5
ORD-10150,2025-10-22,C0042,P010,5,0.0,Партнёр,5
ORD-10151,2025-10-28,C0020,P008,3,0.05,Онлайн,5
ORD-10152,2025-04-12,C0180,P002,3,0.05,Онлайн,5
ORD-10153,2025-09-25,C0107,P003,2,0.1,Онлайн,8
ORD-10154,2025-01-07,C0085,P006,6,0.05,Онлайн,5
ORD-10155,2025-09-20,C0117,P009,5,0.05,Магазин,7
ORD-10156,2025-10-09,C0114,P004,3,0.1,Магазин,5
ORD-10157,2025-09-15,C0067,P008,3,0.15,Онлайн,7
ORD-10158,2025-06-28,C0083,P007,2,0.1,Онлайн,6
ORD-10159,2025-05-17,C0113,P002,5,0.15,Онлайн,7
ORD-10160,2025-02-06,C0173,P010,1,0.0,Онлайн,8
ORD-10161,2025-03-11,C0159,P009,5,0.1,Онлайн,6
ORD-10162,2025-10-15,C0087,P010,1,0.0,Онлайн,6
ORD-10163,2025-09-16,C0100,P010,5,0.0,Онлайн,8
ORD-10164,2025-08-01,C0135,P002,5,0.05,Магазин,5
ORD-10165,2025-05-04,C0065,P003,2,0.05,Онлайн,5
ORD-10166,2025-11-29,C0136,P003,2,0.0,Онлайн,8
ORD-10167,2025-09-13,C0055,P011,3,0.0,Магазин,1
ORD-10168,2025-05-14,C0090,P008,4,0.15,Партнёр,5
ORD-10169,2025-06-10,C0161,P010,6,0.15,Онлайн,9
ORD-10170,2025-09-17,C0003,P007,3,0.05,Онлайн,4
ORD-10171,2025-10-06,C0100,P008,6,0.0,Онлайн,9
ORD-10172,2025-01-26,C0153,P010,6,0.15,Партнёр,9
ORD-10173,2025-02-16,C0073,P009,2,0.1,Партнёр,4
ORD-10174,2025-12-30,C0101,P008,2,0.0,Онлайн,4
ORD-10175,2025-08-18,C0171,P010,3,0.15,Магазин,3
ORD-10176,2025-09-28,C0032,P003,5,0.0,Партнёр,5
ORD-10177,2025-04-20,C0122,P012,5,0.0,Онлайн,3
ORD-10178,2025-07-25,C0048,P001,3,0.05,Онлайн,5
ORD-10179,2025-08-11,C0139,P007,3,0.15,Онлайн,4
ORD-10180,2025-07-28,C0103,P005,6,0.0,Онлайн,4
ORD-10181,2025-09-24,C0146,P010,1,0.05,Магазин,3
ORD-10182,2025-03-28,C0034,P003,2,0.05,Онлайн,4
ORD-10183,2025-07-12,C0116,P009,5,0.2,Онлайн,6
ORD-10184,2025-03-30,C0167,P001,2,0.1,Магазин,5
ORD-10185,2025-06-01,C0085,P002,2,0.0,Онлайн,5
ORD-10186,2025-03-12,C0144,P003,6,0.15,Онлайн,5
ORD-10187,2025-02-13,C0046,P004,1,0.2,Онлайн,9
ORD-10188,2025-05-28,C0153,P008,3,0.0,Онлайн,6
ORD-10189,2025-06-08,C0141,P002,2,0.15,Партнёр,2
ORD-10190,2025-01-27,C0041,P007,1,0.15,Онлайн,3
ORD-10191,2025-07-16,C0137,P008,1,0.15,Партнёр,3
ORD-10192,2025-12-22,C0080,P001,6,0.1,Магазин,6
ORD-10193,2025-02-28,C0135,P008,2,0.0,Онлайн,6
ORD-10194,2025-09-03,C0091,P007,4,0.05,Магазин,7
ORD-10195,2025-10-19,C0045,P010,5,0.1,Онлайн,4
ORD-10196,2025-05-03,C0144,P006,6,0.1,Партнёр,8
ORD-10197,2025-05-24,C0064,P005,4,0.05,Партнёр,5
ORD-10198,2025-08-07,C0075,P008,6,0.05,Магазин,8
ORD-10199,2025-08-11,C0177,P006,6,0.05,Магазин,3
ORD-10200,2025-03-27,C0110,P004,4,0.15,Онлайн,2
ORD-10201,2025-12-02,C0129,P004,4,0.05,Онлайн,5
ORD-10202,2025-10-26,C0156,P010,1,0.05,Партнёр,6
ORD-10203,2025-05-12,C0135,P007,2,0.15,Магазин,4
ORD-10204,2025-04-19,C0039,P007,4,0.15,Онлайн,3
ORD-10205,2025-05-29,C0005,P005,6,0.1,Магазин,3
ORD-10206,2025-12-05,C0096,P002,3,0.05,Магазин,5
ORD-10207,2025-01-07,C0160,P011,5,0.05,Магазин,4
ORD-10208,2025-04-07,C0176,P003,6,0.15,Онлайн,6
ORD-10209,2025-04-17,C0039,P002,1,0.0,Онлайн,6
ORD-10210,2025-02-02,C0014,P001,1,0.15,Магазин,6
ORD-10211,2025-01-14,C0114,P005,6,0.1,Онлайн,5
ORD-10212,2025-06-01,C0081,P009,3,0.05,Онлайн,8
ORD-10213,2025-10-13,C0047,P006,1,,Магазин,5
ORD-10214,2025-12-14,C0124,P008,6,0.0,Магазин,6
ORD-10215,2025-10-02,C0039,P006,5,0.15,Онлайн,4
ORD-10216,2025-04-01,C0053,P005,4,0.1,Магазин,2
ORD-10217,2025-12-04,C0025,P004,5,0.1,Магазин,4
ORD-10218,2025-10-02,C0081,P001,3,0.0,Онлайн,7
ORD-10219,2025-10-31,C0134,P010,2,0.15,Онлайн,5
ORD-10220,2025-12-17,C0086,P007,3,0.1,Партнёр,2
ORD-10221,2025-12-17,C0096,P008,4,0.1,Онлайн,6
ORD-10222,2025-09-02,C0087,P007,6,0.05,Онлайн,8
ORD-10223,2025-07-07,C0082,P008,2,0.0,Онлайн,7
ORD-10224,2025-08-24,C0078,P005,5,0.1,Онлайн,4
ORD-10225,2025-12-23,C0028,P002,6,0.0,Магазин,5
ORD-10226,2025-05-25,C0116,P004,3,0.1,Онлайн,5
ORD-10227,2025-12-11,C0091,P002,5,0.15,Партнёр,7
ORD-10228,2025-09-22,C0052,P005,2,0.0,Магазин,4
ORD-10229,2025-01-04,C0179,P002,4,0.1,Партнёр,8
ORD-10230,2025-04-28,C0037,P005,4,0.15,Онлайн,6
ORD-10231,2025-03-30,C0178,P006,6,0.15,Магазин,4
ORD-10232,2025-01-14,C0058,P008,4,0.1,Онлайн,7
ORD-10233,2025-05-31,C0074,P009,5,0.05,Онлайн,9
ORD-10234,2025-06-06,C0034,P007,6,0.05,Онлайн,6
ORD-10235,2025-12-26,C0100,P003,1,0.05,Онлайн,7
ORD-10236,2025-11-22,C0050,P009,1,0.0,Магазин,6
ORD-10237,2025-01-09,C0153,P002,1,0.1,Онлайн,5
ORD-10238,2025-05-20,C0013,P006,5,0.15,Онлайн,6
ORD-10239,2025-08-05,C0163,P005,4,0.0,Онлайн,6
ORD-10240,2025-02-21,C0131,P003,4,0.2,Онлайн,8
ORD-10241,2025-12-03,C0086,P010,3,0.0,Онлайн,5
ORD-10242,2025-06-25,C0129,P005,1,0.05,Магазин,2
ORD-10243,2025-08-19,C0140,P007,5,0.1,Онлайн,5
ORD-10244,2025-08-15,C0109,P009,2,0.0,Онлайн,5
ORD-10245,2025-03-01,C0075,P001,2,0.15,Партнёр,9
ORD-10246,2025-08-11,C0168,P007,1,0.15,Партнёр,5
ORD-10247,2025-11-15,C0138,P009,6,0.15,Партнёр,9
ORD-10248,2025-10-16,C0015,P001,6,0.1,Магазин,5
ORD-10249,2025-08-21,C0103,P007,1,0.1,Онлайн,4
ORD-10250,2025-03-08,C0153,P007,3,0.05,Онлайн,5
ORD-10251,2025-02-17,C0132,P001,3,0.0,Онлайн,3
ORD-10252,2025-08-05,C0170,P007,5,0.0,Партнёр,9
ORD-10253,2025-03-14,C0154,P010,2,0.1,Партнёр,9
ORD-10254,2025-02-04,C0125,P008,6,0.0,Онлайн,6
ORD-10255,2025-11-10,C0062,P004,1,0.05,Магазин,5
ORD-10256,2025-07-06,C0061,P001,6,0.1,Магазин,8
ORD-10257,2025-10-20,C0172,P004,4,0.0,Партнёр,6
ORD-10258,2025-04-14,C0026,P004,1,0.1,Онлайн,8
ORD-10259,2025-06-15,C0026,P003,3,0.05,Онлайн,8
ORD-10260,2025-06-05,C0006,P009,4,0.05,Магазин,4
ORD-10261,2025-05-31,C0003,P006,2,0.05,Онлайн,3
ORD-10262,2025-01-03,C0069,P011,4,0.1,Онлайн,3
ORD-10263,2025-10-04,C0063,P011,3,0.0,Магазин,3
ORD-10264,2025-04-29,C0005,P012,4,0.1,Онлайн,5
ORD-10265,2025-07-03,C0114,P004,6,0.2,Онлайн,6
ORD-10266,2025-12-17,C0099,P007,1,0.05,Партнёр,5
ORD-10267,2025-01-29,C0082,P002,6,0.05,Онлайн,9
ORD-10268,2025-04-17,C0086,P001,1,0.0,Партнёр,4
ORD-10269,2025-10-15,C0091,P001,1,0.05,Партнёр,8
ORD-10270,2025-12-27,C0175,P012,2,0.05,Партнёр,4
ORD-10271,2025-02-17,C0051,P005,6,0.05,Онлайн,9
ORD-10272,2025-03-24,C0034,P009,2,0.0,Онлайн,6
ORD-10273,2025-09-18,C0123,P006,2,0.1,Онлайн,5
ORD-10274,2025-05-27,C0063,P004,5,0.05,Онлайн,4
ORD-10275,2025-01-21,C0103,P004,2,0.15,Онлайн,4
ORD-10276,2025-07-26,C0090,P007,1,0.0,Магазин,6
ORD-10277,2025-04-19,C0146,P011,6,0.1,Магазин,4
ORD-10278,2025-09-08,C0179,P006,3,0.0,Онлайн,6
ORD-10279,2025-10-13,C0033,P006,4,0.0,Партнёр,4
ORD-10280,2025-04-05,C0008,P012,1,0.0,Онлайн,3
ORD-10281,2025-04-10,C0035,P011,3,0.05,Онлайн,6
ORD-10282,2025-04-30,C0017,P008,1,0.0,Магазин,7
ORD-10283,2025-05-09,C0168,P001,4,0.1,Онлайн,6
ORD-10284,2025-01-25,C0138,P009,6,0.15,Онлайн,8
ORD-10285,2025-09-18,C0146,P010,2,0.15,Онлайн,7
ORD-10286,2025-06-12,C0139,P001,1,0.1,Онлайн,4
ORD-10287,2025-09-27,C0144,P010,4,0.15,Онлайн,5
ORD-10288,2025-12-24,C0075,P011,1,0.05,Онлайн,7
ORD-10289,2025-11-07,C0077,P001,6,0.0,Партнёр,9
ORD-10290,2025-10-04,C0060,P009,4,0.05,Онлайн,6
ORD-10291,2025-01-19,C0028,P010,3,0.1,Онлайн,6
ORD-10292,2025-12-19,C0047,P009,6,0.15,Партнёр,8
ORD-10293,2025-03-02,C0026,P012,4,0.0,Магазин,8
ORD-10294,2025-04-26,C0048,P002,6,0.0,Магазин,5
ORD-10295,2025-04-05,C0011,P005,4,0.15,Онлайн,5
ORD-10296,2025-04-18,C0047,P001,4,0.0,Партнёр,8
ORD-10297,2025-04-05,C0034,P004,2,0.1,Магазин,4
ORD-10298,2025-06-21,C0029,P009,1,0.2,Онлайн,7
ORD-10299,2025-04-04,C0087,P010,6,0.0,Онлайн,6
ORD-10300,2025-08-28,C0171,P005,2,0.05,Онлайн,4
ORD-10301,2025-04-23,C0035,P007,6,0.0,Магазин,8
ORD-10302,2025-08-04,C0007,P002,4,0.05,Магазин,5
ORD-10303,2025-10-19,C0171,P011,5,0.15,Онлайн,4
ORD-10304,2025-12-09,C0067,P011,4,0.05,Онлайн,7
ORD-10305,2025-07-18,C0046,P008,3,0.0,Онлайн,7
ORD-10306,2025-05-01,C0070,P003,3,0.1,Магазин,3
ORD-10307,2025-04-16,C0106,P004,6,0.1,Партнёр,8
ORD-10308,2025-05-09,C0011,P009,3,0.1,Партнёр,6
ORD-10309,2025-01-07,C0017,P006,4,0.0,Магазин,5
ORD-10310,2025-01-30,C0131,P011,6,0.1,Магазин,7
ORD-10311,2025-08-04,C0152,P007,6,0.0,Онлайн,9
ORD-10312,2025-02-26,C0155,P010,4,0.05,Онлайн,6
ORD-10313,2025-09-15,C0127,P004,2,0.0,Партнёр,5
ORD-10314,2025-01-31,C0036,P004,2,0.2,Магазин,2
ORD-10315,2025-03-20,C0056,P008,2,0.0,Магазин,3
ORD-10316,2025-11-25,C0001,P012,5,0.2,Магазин,6
ORD-10317,2025-03-29,C0088,P011,3,0.05,Онлайн,5
ORD-10318,2025-04-17,C0108,P008,6,0.2,Онлайн,5
ORD-10319,2025-01-02,C0033,P010,3,0.05,Онлайн,4
ORD-10320,2025-10-28,C0090,P008,6,0.0,Онлайн,9
ORD-10321,2025-09-30,C0015,P004,2,0.2,Онлайн,7
ORD-10322,2025-02-18,C0104,P006,3,0.1,Онлайн,5
ORD-10323,2025-04-23,C0025,P009,3,0.1,Партнёр,8
ORD-10324,2025-07-22,C0103,P008,1,0.0,Онлайн,5
ORD-10325,2025-12-13,C0052,P001,5,0.0,Партнёр,4
ORD-10326,2025-01-28,C0017,P004,1,0.0,Партнёр,4
ORD-10327,2025-06-21,C0099,P010,3,0.15,Онлайн,6
ORD-10328,2025-11-21,C0179,P005,1,0.15,Онлайн,7
ORD-10329,2025-02-05,C0160,P002,4,0.1,Онлайн,6
ORD-10330,2025-01-23,C0066,P005,4,0.05,Онлайн,5
ORD-10331,2025-10-07,C0046,P011,3,0.0,Партнёр,8
ORD-10332,2025-07-29,C0025,P006,5,0.15,Онлайн,6
ORD-10333,2025-07-28,C0002,P002,1,0.1,Партнёр,5
ORD-10334,2025-05-03,C0135,P002,1,0.1,Магазин,3
ORD-10335,2025-07-24,C0002,P004,4,0.2,Онлайн,3
ORD-10336,2025-07-03,C0023,P005,4,0.1,Магазин,4
ORD-10337,2025-06-20,C0161,P005,5,0.0,Онлайн,7
ORD-10338,2025-11-15,C0060,P007,6,0.1,Партнёр,6
ORD-10339,2025-03-13,C0097,P012,3,0.0,Онлайн,3
ORD-10340,2025-02-20,C0013,P011,6,0.0,Онлайн,6
ORD-10341,2025-11-02,C0018,P002,6,0.1,Онлайн,5
ORD-10342,2025-11-05,C0114,P004,5,0.15,Магазин,5
ORD-10343,2025-06-20,C0059,P012,5,0.2,Магазин,7
ORD-10344,2025-05-31,C0079,P009,5,0.2,Онлайн,4
ORD-10345,2025-09-10,C0098,P005,3,0.1,Онлайн,3
ORD-10346,2025-11-07,C0105,P010,4,0.1,Магазин,5
ORD-10347,2025-04-15,C0143,P010,4,0.1,Магазин,4
ORD-10348,2025-02-08,C0050,P011,4,0.15,Магазин,4
ORD-10349,2025-05-26,C0107,P003,2,0.1,Магазин,6
ORD-10350,2025-12-17,C0107,P004,3,0.05,Партнёр,5
ORD-10351,2025-05-16,C0094,P004,3,0.0,Онлайн,6
ORD-10352,2025-02-28,C0068,P012,6,0.05,Онлайн,3
ORD-10353,2025-03-24,C0061,P001,5,0.05,Магазин,6
ORD-10354,2025-07-29,C0020,P012,4,0.2,Онлайн,5
ORD-10355,2025-12-19,C0167,P012,6,0.1,Онлайн,5
ORD-10356,2025-09-30,C0148,P009,3,0.0,Магазин,4
ORD-10357,2025-07-01,C0150,P009,2,0.0,Партнёр,5
ORD-10358,2025-01-21,C0096,P010,4,0.05,Онлайн,4
ORD-10359,2025-04-03,C0018,P009,2,0.15,Онлайн,4
ORD-10360,2025-11-30,C0099,P012,2,0.0,Магазин,4
ORD-10361,2025-10-09,C0113,P004,6,0.0,Партнёр,6
ORD-10362,2025-12-12,C0150,P004,4,0.1,Магазин,5
ORD-10363,2025-07-12,C0003,P001,6,0.1,Магазин,4
ORD-10364,2025-05-01,C0003,P010,4,0.05,Онлайн,6
ORD-10365,2025-10-31,C0045,P002,4,0.05,Партнёр,4
ORD-10366,2025-08-13,C0058,P012,2,0.1,Онлайн,5
ORD-10367,2025-10-04,C0172,P004,2,0.1,Онлайн,6
ORD-10368,2025-04-04,C0084,P011,1,0.1,Магазин,6
ORD-10369,2025-04-01,C0093,P009,4,0.05,Онлайн,7
ORD-10370,2025-06-17,C0118,P001,6,0.0,Онлайн,5
ORD-10371,2025-06-23,C0149,P005,4,0.1,Магазин,6
ORD-10372,2025-12-06,C0023,P002,6,0.0,Магазин,6
ORD-10373,2025-09-21,C0036,P005,1,0.05,Онлайн,4
ORD-10374,2025-03-15,C0082,P002,3,0.1,Партнёр,6
ORD-10375,2025-11-12,C0023,P010,2,0.15,Онлайн,5
ORD-10376,2025-12-08,C0170,P007,6,0.05,Магазин,9
ORD-10377,2025-09-15,C0136,P006,1,0.0,Магазин,5
ORD-10378,2025-10-15,C0120,P001,3,0.15,Магазин,2
ORD-10379,2025-04-24,C0140,P002,2,0.05,Онлайн,6
ORD-10380,2025-07-23,C0149,P011,6,0.15,Партнёр,7
ORD-10381,2025-08-02,C0168,P011,4,0.05,Магазин,2
ORD-10382,2025-01-22,C0052,P009,2,0.0,Онлайн,5
ORD-10383,2025-07-18,C0114,P009,4,0.05,Онлайн,8
ORD-10384,2025-04-02,C0149,P005,2,0.1,Магазин,4
ORD-10385,2025-04-15,C0156,P004,2,0.15,Магазин,6
ORD-10386,2025-01-02,C0120,P003,6,0.2,Онлайн,6
ORD-10387,2025-05-24,C0135,P001,3,0.15,Онлайн,3
ORD-10388,2025-07-16,C0020,P010,2,0.15,Онлайн,6
ORD-10389,2025-07-26,C0045,P003,3,0.15,Партнёр,5
ORD-10390,2025-09-27,C0104,P005,3,0.1,Онлайн,4
ORD-10391,2025-07-01,C0085,P004,4,0.05,Онлайн,4
ORD-10392,2025-09-11,C0135,P001,3,0.15,Партнёр,6
ORD-10393,2025-02-01,C0105,P008,2,0.1,Онлайн,4
ORD-10394,2025-03-04,C0046,P006,4,0.2,Онлайн,7
ORD-10395,2025-03-27,C0178,P006,6,0.0,Магазин,4
ORD-10396,2025-12-11,C0071,P012,6,0.1,Онлайн,4
ORD-10397,2025-09-24,C0147,P007,5,0.05,Партнёр,10
ORD-10398,2025-05-09,C0031,P007,4,0.2,Онлайн,4
ORD-10399,2025-01-11,C0155,P012,2,0.05,Партнёр,6
ORD-10400,2025-06-04,C0101,P007,4,0.15,Онлайн,4
ORD-10401,2025-06-06,C0031,P004,5,0.15,Онлайн,6
ORD-10402,2025-07-08,C0161,P011,1,0.05,Онлайн,6
ORD-10403,2025-07-21,C0049,P008,3,0.0,Онлайн,6
ORD-10404,2025-02-04,C0104,P012,1,0.15,Онлайн,3
ORD-10405,2025-11-11,C0065,P006,5,0.0,Онлайн,6
ORD-10406,2025-12-28,C0006,P012,2,0.1,Магазин,4
ORD-10407,2025-07-27,C0159,P005,5,0.15,Магазин,4
ORD-10408,2025-07-26,C0095,P006,4,0.15,Онлайн,7
ORD-10409,2025-01-10,C0014,P008,6,0.05,Магазин,7
ORD-10410,2025-10-25,C0179,P004,1,0.15,Партнёр,7
ORD-10411,2025-03-22,C0136,P008,3,0.1,Онлайн,8
ORD-10412,2025-07-12,C0025,P006,1,0.0,Магазин,5
ORD-10413,2025-04-25,C0039,P010,5,0.1,Онлайн,4
ORD-10414,2025-06-15,C0070,P007,6,0.0,Магазин,3
ORD-10415,2025-10-22,C0153,P001,4,0.1,Онлайн,5
ORD-10416,2025-10-02,C0139,P005,6,0.05,Онлайн,6
ORD-10417,2025-08-10,C0022,P004,2,0.05,Магазин,4
ORD-10418,2025-11-26,C0030,P001,1,0.15,Магазин,6
ORD-10419,2025-06-12,C0006,P006,4,0.05,Магазин,4
ORD-10420,2025-02-09,C0167,P010,2,0.1,Онлайн,4
ORD-10421,2025-12-22,C0177,P012,5,0.05,Онлайн,4
ORD-10422,2025-07-10,C0133,P002,2,0.05,Онлайн,7
ORD-10423,2025-10-04,C0124,P005,4,0.1,Онлайн,8
ORD-10424,2025-08-12,C0009,P003,5,0.05,Онлайн,7
ORD-10425,2025-10-04,C0038,P005,4,0.0,Онлайн,5
ORD-10426,2025-09-20,C0068,P008,3,0.05,Магазин,5
ORD-10427,2025-07-15,C0137,P004,6,0.1,Онлайн,6
ORD-10428,2025-12-24,C0075,P009,4,0.05,Онлайн,8
ORD-10429,2025-11-01,C0023,P011,3,0.1,Партнёр,4
ORD-10430,2025-10-01,C0112,P011,3,0.0,Онлайн,2
ORD-10431,2025-11-18,C0040,P002,2,0.05,Онлайн,4
ORD-10432,2025-02-15,C0030,P003,1,0.1,Онлайн,8
ORD-10433,2025-05-01,C0040,P005,1,0.2,Онлайн,4
ORD-10434,2025-03-12,C0027,P011,6,0.1,Магазин,9
ORD-10435,2025-09-25,C0016,P005,6,0.0,Магазин,6
ORD-10436,2025-02-15,C0070,P006,6,0.0,Партнёр,5
ORD-10437,2025-09-01,C0117,P004,6,0.0,Партнёр,5
ORD-10438,2025-08-12,C0127,P011,1,0.1,Магазин,5
ORD-10439,2025-05-01,C0028,P010,2,0.15,Онлайн,4
ORD-10440,2025-10-12,C0180,P007,1,0.0,Магазин,3
ORD-10441,2025-03-03,C0107,P004,5,0.1,Онлайн,6
ORD-10442,2025-07-07,C0107,P007,2,0.1,Партнёр,7
ORD-10443,2025-10-15,C0085,P009,2,0.0,Онлайн,5
ORD-10444,2025-02-26,C0178,P011,2,0.15,Онлайн,4
ORD-10445,2025-09-29,C0076,P002,2,0.15,Партнёр,7
ORD-10446,2025-12-06,C0028,P002,5,0.0,Партнёр,5
ORD-10447,2025-03-13,C0061,P009,1,0.0,Онлайн,7
ORD-10448,2025-02-23,C0144,P008,6,0.0,Магазин,5
ORD-10449,2025-12-05,C0098,P005,2,0.05,Магазин,4
ORD-10450,2025-04-04,C0085,P003,4,0.0,Партнёр,5
ORD-10451,2025-05-27,C0148,P003,4,0.1,Магазин,3
ORD-10452,2025-03-05,C0111,P010,2,0.0,Магазин,8
ORD-10453,2025-09-30,C0044,P006,1,0.1,Онлайн,3
ORD-10454,2025-08-09,C0143,P012,5,0.05,Онлайн,5
ORD-10455,2025-01-19,C0086,P010,4,0.0,Партнёр,6
ORD-10456,2025-08-15,C0150,P008,4,0.0,Магазин,7
ORD-10457,2025-05-25,C0140,P008,4,0.0,Онлайн,6
ORD-10458,2025-04-05,C0053,P004,6,0.1,Магазин,4
ORD-10459,2025-11-16,C0128,P010,6,0.0,Онлайн,6
ORD-10460,2025-05-08,C0134,P008,3,0.1,Онлайн,6
ORD-10461,2025-05-23,C0049,P011,6,0.1,Онлайн,5
ORD-10462,2025-05-18,C0012,P005,2,0.0,Партнёр,6
ORD-10463,2025-09-19,C0112,P011,1,0.0,Магазин,2
ORD-10464,2025-03-28,C0167,P009,5,0.05,Магазин,4
ORD-10465,2025-03-06,C0083,P004,4,0.15,Онлайн,6
ORD-10466,2025-06-28,C0018,P010,4,0.15,Магазин,4
ORD-10467,2025-03-14,C0028,P011,2,0.0,Магазин,3
ORD-10468,2025-02-20,C0045,P002,6,0.05,Онлайн,4
ORD-10469,2025-08-26,C0033,P002,5,0.05,Онлайн,6
ORD-10470,2025-01-26,C0147,P007,5,0.15,Партнёр,8
ORD-10471,2025-01-03,C0110,P002,4,0.0,Онлайн,6
ORD-10472,2025-04-02,C0119,P004,5,0.1,Онлайн,4
ORD-10473,2025-06-19,C0082,P009,4,0.15,Партнёр,7
ORD-10474,2025-03-06,C0154,P005,6,0.05,Онлайн,8
ORD-10475,2025-04-28,C0071,P008,2,0.0,Партнёр,4
ORD-10476,2025-01-20,C0173,P009,5,0.1,Магазин,6
ORD-10477,2025-09-17,C0117,P006,2,0.2,Онлайн,4
ORD-10478,2025-05-18,C0129,P008,4,0.05,Магазин,3
ORD-10479,2025-10-06,C0122,P010,2,0.0,Онлайн,5
ORD-10480,2025-10-20,C0060,P010,3,0.0,Онлайн,5
ORD-10481,2025-04-03,C0024,P008,5,0.2,Онлайн,6
ORD-10482,2025-07-17,C0018,P009,1,0.1,Магазин,6
ORD-10483,2025-07-25,C0011,P001,5,0.05,Онлайн,5
ORD-10484,2025-06-20,C0180,P001,1,0.15,Магазин,2
ORD-10485,2025-01-25,C0129,P002,6,0.0,Онлайн,4
ORD-10486,2025-04-20,C0064,P010,1,0.0,Онлайн,6
ORD-10487,2025-11-08,C0011,P010,6,0.05,Партнёр,5
ORD-10488,2025-12-11,C0026,P001,5,0.1,Магазин,9
ORD-10489,2025-01-25,C0034,P007,1,,Партнёр,5
ORD-10490,2025-03-05,C0128,P007,6,0.1,Онлайн,7
ORD-10491,2025-09-27,C0066,P009,1,0.05,Партнёр,5
ORD-10492,2025-10-25,C0089,P010,2,0.0,Онлайн,7
ORD-10493,2025-02-23,C0156,P002,1,0.05,Онлайн,6
ORD-10494,2025-03-31,C0100,P006,5,0.1,Онлайн,8
ORD-10495,2025-07-31,C0017,P007,1,0.2,Магазин,5
ORD-10496,2025-10-24,C0166,P009,4,0.15,Онлайн,5
ORD-10497,2025-03-27,C0012,P003,1,0.0,Онлайн,8
ORD-10498,2025-12-21,C0143,P012,4,0.0,Магазин,3
ORD-10499,2025-08-11,C0003,P010,2,0.05,Онлайн,5
ORD-10500,2025-01-13,C0137,P004,5,0.0,Магазин,3
ORD-10501,2025-06-20,C0036,P004,4,0.05,Онлайн,7
ORD-10502,2025-02-18,C0094,P005,1,0.0,Онлайн,5
ORD-10503,2025-03-30,C0052,P003,3,0.05,Партнёр,3
ORD-10504,2025-09-18,C0166,P010,2,0.0,Онлайн,5
ORD-10505,2025-04-13,C0145,P008,6,0.05,Партнёр,10
ORD-10506,2025-05-31,C0049,P012,3,0.0,Магазин,1
ORD-10507,2025-10-23,C0056,P004,4,0.0,Онлайн,4
ORD-10508,2025-04-19,C0013,P001,3,0.05,Онлайн,5
ORD-10509,2025-12-24,C0138,P005,6,0.0,Партнёр,7
ORD-10510,2025-03-05,C0116,P009,5,0.1,Магазин,6
ORD-10511,2025-06-01,C0097,P002,2,0.0,Магазин,4
ORD-10512,2025-01-13,C0050,P002,1,0.0,Магазин,5
ORD-10513,2025-02-19,C0076,P001,1,0.05,Онлайн,6
ORD-10514,2025-09-23,C0105,P007,3,0.05,Партнёр,4
ORD-10515,2025-12-16,C0090,P011,3,0.0,Партнёр,6
ORD-10516,2025-06-12,C0047,P011,6,0.1,Онлайн,6
ORD-10517,2025-03-17,C0005,P006,4,0.0,Партнёр,5
ORD-10518,2025-07-13,C0099,P010,4,0.05,Онлайн,5
ORD-10519,2025-11-13,C0019,P002,1,0.05,Онлайн,7
ORD-10520,2025-10-19,C0128,P002,5,0.1,Магазин,5
ORD-10521,2025-02-03,C0153,P011,4,0.0,Партнёр,6
ORD-10522,2025-09-11,C0005,P001,2,0.05,Онлайн,4
ORD-10523,2025-07-25,C0159,P010,2,0.1,Онлайн,4
ORD-10524,2025-05-17,C0029,P003,1,0.05,Магазин,3
ORD-10525,2025-02-20,C0107,P011,5,0.05,Онлайн,4
ORD-10526,2025-11-23,C0007,P001,2,0.05,Онлайн,6
ORD-10527,2025-12-08,C0087,P007,5,0.1,Онлайн,6
ORD-10528,2025-04-11,C0106,P011,4,0.05,Онлайн,5
ORD-10529,2025-05-01,C0117,P005,1,0.05,Партнёр,4
ORD-10530,2025-11-13,C0154,P001,1,0.05,Онлайн,8
ORD-10531,2025-08-29,C0165,P007,3,0.2,Онлайн,9
ORD-10532,2025-06-26,C0167,P008,4,0.0,Магазин,4
ORD-10533,2025-12-09,C0171,P007,3,0.0,Онлайн,5
ORD-10534,2025-03-29,C0176,P008,1,0.1,Партнёр,6
ORD-10535,2025-09-24,C0020,P001,5,0.1,Онлайн,6
ORD-10536,2025-06-10,C0095,P006,6,0.15,Магазин,8
ORD-10537,2025-05-15,C0046,P011,4,0.0,Магазин,6
ORD-10538,2025-07-17,C0093,P007,1,0.05,Онлайн,3
ORD-10539,2025-01-24,C0142,P009,1,0.15,Партнёр,5
ORD-10540,2025-04-10,C0119,P002,3,0.0,Онлайн,3
ORD-10541,2025-11-15,C0159,P009,6,0.15,Магазин,5
ORD-10542,2025-11-25,C0178,P006,2,0.0,Магазин,2
ORD-10543,2025-06-11,C0059,P006,1,0.1,Онлайн,6
ORD-10544,2025-01-18,C0008,P011,3,0.15,Онлайн,3
ORD-10545,2025-09-13,C0137,P004,2,0.15,Магазин,3
ORD-10546,2025-08-22,C0001,P001,1,0.2,Магазин,4
ORD-10547,2025-03-14,C0163,P001,1,0.15,Онлайн,5
ORD-10548,2025-05-08,C0002,P005,2,0.1,Магазин,1
ORD-10549,2025-05-23,C0055,P006,2,0.2,Онлайн,2
ORD-10550,2025-10-17,C0100,P006,3,0.1,Онлайн,5
ORD-10551,2025-06-06,C0164,P003,6,0.1,Онлайн,7
ORD-10552,2025-01-30,C0151,P011,4,0.1,Магазин,3
ORD-10553,2025-04-22,C0135,P010,2,0.05,Магазин,5
ORD-10554,2025-12-16,C0155,P007,4,0.0,Магазин,4
ORD-10555,2025-10-01,C0137,P005,3,0.15,Онлайн,5
ORD-10556,2025-05-21,C0001,P008,4,0.1,Магазин,9
ORD-10557,2025-06-06,C0146,P008,5,0.0,Партнёр,7
ORD-10558,2025-02-15,C0178,P003,6,0.15,Магазин,3
ORD-10559,2025-11-06,C0031,P001,4,0.1,Онлайн,7
ORD-10560,2025-11-04,C0020,P008,3,0.05,Онлайн,6
ORD-10561,2025-12-07,C0028,P005,6,0.05,Онлайн,5
ORD-10562,2025-01-10,C0086,P001,1,0.1,Магазин,4
ORD-10563,2025-09-18,C0107,P010,1,0.05,Партнёр,7
ORD-10564,2025-07-17,C0160,P006,2,0.05,Онлайн,6
ORD-10565,2025-12-22,C0180,P002,1,0.15,Партнёр,6
ORD-10566,2025-04-13,C0062,P002,4,0.05,Магазин,4
ORD-10567,2025-07-15,C0167,P007,4,0.05,Магазин,4
ORD-10568,2025-01-28,C0163,P011,2,0.2,Магазин,5
ORD-10569,2025-01-06,C0087,P007,6,0.05,Магазин,6
ORD-10570,2025-03-27,C0056,P011,3,0.05,Онлайн,5
ORD-10571,2025-06-04,C0047,P009,5,0.0,Магазин,8
ORD-10572,2025-08-17,C0073,P008,5,0.15,Магазин,5
ORD-10573,2025-02-11,C0088,P009,5,0.05,Магазин,5
ORD-10574,2025-03-25,C0146,P006,1,0.0,Партнёр,6
ORD-10575,2025-03-29,C0079,P009,2,0.0,Онлайн,5
ORD-10576,2025-06-10,C0169,P010,1,0.0,Онлайн,8
ORD-10577,2025-04-02,C0041,P005,4,0.05,Магазин,3
ORD-10578,2025-12-01,C0109,P007,5,0.05,Онлайн,7
ORD-10579,2025-04-14,C0174,P007,4,0.0,Онлайн,3
ORD-10580,2025-05-28,C0121,P005,4,0.15,Магазин,4
ORD-10581,2025-02-22,C0035,P003,1,0.2,Магазин,7
ORD-10582,2025-06-22,C0107,P004,1,0.15,Онлайн,7
ORD-10583,2025-07-04,C0097,P008,2,0.0,Магазин,3
ORD-10584,2025-06-10,C0010,P009,5,0.05,Онлайн,7
ORD-10585,2025-06-07,C0155,P010,2,0.0,Онлайн,7
ORD-10586,2025-10-06,C0058,P011,1,0.0,Онлайн,5
ORD-10587,2025-07-15,C0011,P003,2,0.15,Партнёр,5
ORD-10588,2025-05-24,C0044,P004,3,0.0,Онлайн,4
ORD-10589,2025-02-09,C0104,P011,3,0.1,Онлайн,3
ORD-10590,2025-12-04,C0143,P010,6,0.05,Магазин,6
ORD-10591,2025-11-17,C0010,P001,5,0.0,Онлайн,3
ORD-10592,2025-02-03,C0034,P010,1,0.05,Партнёр,7
ORD-10593,2025-05-08,C0069,P009,1,0.1,Онлайн,5
ORD-10594,2025-03-28,C0136,P012,3,0.05,Онлайн,6
ORD-10595,2025-01-15,C0078,P009,6,0.0,Магазин,6
ORD-10596,2025-07-16,C0011,P001,1,0.05,Магазин,3
ORD-10597,2025-11-18,C0133,P009,6,0.1,Партнёр,8
ORD-10598,2025-11-21,C0154,P011,5,0.1,Магазин,8
ORD-10599,2025-08-03,C0086,P002,4,0.05,Партнёр,4
ORD-10600,2025-09-21,C0148,P010,5,0.2,Онлайн,6
ORD-10601,2025-02-06,C0137,P007,6,0.15,Магазин,6
ORD-10602,2025-11-26,C0031,P009,6,0.0,Магазин,6
ORD-10603,2025-10-17,C0080,P008,2,0.0,Партнёр,5
ORD-10604,2025-01-06,C0017,P002,5,0.0,Партнёр,7
ORD-10605,2025-07-31,C0037,P011,1,0.05,Онлайн,5
ORD-10606,2025-08-19,C0084,P005,3,0.0,Онлайн,6
ORD-10607,2025-03-28,C0030,P002,6,0.05,Онлайн,7
ORD-10608,2025-10-21,C0011,P006,5,0.05,Онлайн,5
ORD-10609,2025-04-17,C0114,P008,6,0.2,Магазин,6
ORD-10610,2025-06-21,C0143,P005,3,0.1,Онлайн,5
ORD-10611,2025-02-08,C0174,P008,1,0.15,Партнёр,3
ORD-10612,2025-05-11,C0095,P009,6,0.2,Онлайн,9
ORD-10613,2025-08-15,C0126,P001,2,0.05,Онлайн,5
ORD-10614,2025-02-06,C0102,P002,4,0.1,Магазин,8
ORD-10615,2025-01-06,C0050,P002,1,0.0,Онлайн,7
ORD-10616,2025-04-10,C0004,P001,1,0.1,Магазин,6
ORD-10617,2025-04-04,C0144,P012,4,0.0,Магазин,4
ORD-10618,2025-09-20,C0078,P004,3,0.05,Онлайн,5
ORD-10619,2025-10-20,C0152,P008,5,0.1,Онлайн,8
ORD-10620,2025-07-20,C0131,P005,4,0.0,Онлайн,6
ORD-10621,2025-08-21,C0113,P008,3,0.1,Онлайн,3
ORD-10622,2025-04-15,C0053,P001,3,0.1,Онлайн,3
ORD-10623,2025-06-09,C0051,P005,5,0.1,Магазин,6
ORD-10624,2025-05-17,C0132,P008,5,0.0,Онлайн,5
ORD-10625,2025-07-04,C0050,P012,3,0.05,Магазин,5
ORD-10626,2025-05-19,C0145,P002,3,0.1,Онлайн,6
ORD-10627,2025-10-23,C0006,P011,5,0.05,Партнёр,5
ORD-10628,2025-04-12,C0102,P001,2,0.1,Онлайн,6
ORD-10629,2025-11-04,C0037,P002,1,0.0,Партнёр,5
ORD-10630,2025-03-17,C0001,P002,6,0.0,Онлайн,8
ORD-10631,2025-07-10,C0165,P006,5,0.05,Партнёр,8
ORD-10632,2025-07-31,C0178,P002,6,0.15,Онлайн,5
ORD-10633,2025-11-04,C0120,P006,4,0.1,Партнёр,3
ORD-10634,2025-09-29,C0056,P001,3,0.0,Онлайн,5
ORD-10635,2025-09-26,C0146,P010,5,0.1,Онлайн,6
ORD-10636,2025-02-05,C0147,P006,6,0.1,Магазин,8
ORD-10637,2025-01-11,C0086,P010,6,0.05,Онлайн,5
ORD-10638,2025-05-28,C0094,P012,4,0.1,Онлайн,4
ORD-10639,2025-11-12,C0157,P003,3,0.15,Онлайн,9
ORD-10640,2025-04-01,C0097,P009,5,0.0,Партнёр,6
ORD-10641,2025-10-16,C0106,P003,4,0.0,Онлайн,6
ORD-10642,2025-06-13,C0062,P004,4,0.05,Онлайн,6
ORD-10643,2025-12-05,C0034,P010,2,0.1,Онлайн,6
ORD-10644,2025-04-28,C0038,P009,1,0.15,Онлайн,5
ORD-10645,2025-05-03,C0173,P008,6,0.1,Онлайн,7
ORD-10646,2025-03-15,C0179,P002,6,0.0,Онлайн,8
ORD-10647,2025-07-12,C0024,P002,5,0.0,Онлайн,5
ORD-10648,2025-06-04,C0090,P008,1,0.05,Онлайн,6
ORD-10649,2025-07-29,C0027,P012,4,0.0,Онлайн,8
ORD-10650,2025-11-28,C0010,P008,1,0.05,Магазин,4
ORD-10651,2025-08-06,C0080,P001,4,0.0,Онлайн,4
ORD-10652,2025-06-08,C0040,P002,3,0.2,Партнёр,4
ORD-10653,2025-07-18,C0077,P009,1,0.05,Онлайн,7
ORD-10654,2025-09-02,C0018,P011,3,0.05,Онлайн,2
ORD-10655,2025-04-08,C0065,P012,6,0.0,Онлайн,6
ORD-10656,2025-01-25,C0090,P010,1,0.0,Магазин,7
ORD-10657,2025-12-30,C0032,P003,6,0.0,Магазин,5
ORD-10658,2025-08-25,C0046,P010,3,0.0,Магазин,5
ORD-10659,2025-12-24,C0035,P005,2,0.15,Магазин,8
ORD-10660,2025-06-08,C0118,P009,4,0.05,Партнёр,5
ORD-10661,2025-03-07,C0064,P010,4,0.1,Онлайн,6
ORD-10662,2025-08-28,C0057,P010,6,0.05,Магазин,4
ORD-10663,2025-07-08,C0136,P009,1,0.15,Онлайн,8
ORD-10664,2025-08-30,C0044,P005,2,0.05,Магазин,3
ORD-10665,2025-03-08,C0121,P003,4,0.05,Магазин,6
ORD-10666,2025-03-09,C0053,P004,6,0.05,Магазин,3
ORD-10667,2025-09-28,C0127,P010,1,0.1,Онлайн,6
ORD-10668,2025-08-28,C0051,P009,5,0.15,Онлайн,8
ORD-10669,2025-05-28,C0117,P008,3,0.0,Онлайн,5
ORD-10670,2025-06-09,C0117,P006,4,0.0,Онлайн,4
ORD-10671,2025-05-03,C0050,P004,5,0.05,Онлайн,6
ORD-10672,2025-04-19,C0098,P001,4,0.0,Онлайн,5
ORD-10673,2025-09-30,C0138,P007,6,0.0,Онлайн,8
ORD-10674,2025-03-20,C0107,P002,4,0.1,Партнёр,6
ORD-10675,2025-08-04,C0119,P006,4,0.05,Партнёр,5
ORD-10676,2025-12-18,C0129,P001,5,0.15,Онлайн,6
ORD-10677,2025-08-14,C0149,P011,5,0.05,Магазин,5
ORD-10678,2025-11-13,C0107,P005,6,0.05,Онлайн,6
ORD-10679,2025-07-20,C0144,P008,6,0.05,Партнёр,6
ORD-10680,2025-01-15,C0094,P010,3,0.15,Партнёр,8
ORD-10681,2025-10-13,C0113,P001,3,0.05,Онлайн,4
ORD-10682,2025-02-15,C0091,P001,6,0.1,Магазин,8
ORD-10683,2025-01-01,C0096,P010,1,0.05,Онлайн,5
ORD-10684,2025-01-22,C0006,P002,5,0.05,Онлайн,7
ORD-10685,2025-06-22,C0086,P009,4,0.0,Партнёр,6
ORD-10686,2025-09-05,C0082,P003,2,0.1,Онлайн,5
ORD-10687,2025-04-26,C0072,P002,4,0.0,Онлайн,5
ORD-10688,2025-05-26,C0097,P008,3,0.2,Магазин,2
ORD-10689,2025-04-03,C0054,P009,5,0.1,Магазин,5
ORD-10690,2025-12-07,C0118,P009,6,0.1,Онлайн,5
ORD-10691,2025-05-07,C0088,P006,6,0.15,Онлайн,7
ORD-10692,2025-03-02,C0013,P012,3,0.0,Магазин,5
ORD-10693,2025-08-10,C0151,P011,2,0.05,Онлайн,4
ORD-10694,2025-09-03,C0032,P011,1,0.0,Магазин,1
ORD-10695,2025-02-03,C0111,P001,5,0.1,Онлайн,7
ORD-10696,2025-07-16,C0081,P009,2,0.1,Онлайн,10
ORD-10697,2025-04-06,C0021,P007,4,0.0,Магазин,5
ORD-10698,2025-03-11,C0176,P004,5,0.0,Онлайн,6
ORD-10699,2025-07-02,C0028,P010,2,0.15,Магазин,3
ORD-10700,2025-12-18,C0101,P005,2,0.2,Онлайн,5
ORD-10701,2025-05-26,C0140,P009,1,0.0,Онлайн,9
ORD-10702,2025-08-17,C0118,P008,5,0.15,Онлайн,5
ORD-10703,2025-07-12,C0130,P006,2,0.15,Онлайн,6
ORD-10704,2025-08-09,C0145,P004,3,,Онлайн,8
ORD-10705,2025-01-06,C0153,P009,1,0.0,Онлайн,5
ORD-10706,2025-12-05,C0051,P007,6,0.15,Онлайн,7
ORD-10707,2025-12-06,C0124,P009,4,0.05,Магазин,6
ORD-10708,2025-01-10,C0137,P007,6,0.05,Магазин,3
ORD-10709,2025-02-03,C0039,P011,1,0.05,Партнёр,3
ORD-10710,2025-08-03,C0127,P012,1,0.05,Магазин,4
ORD-10711,2025-01-15,C0162,P012,1,0.15,Онлайн,7
ORD-10712,2025-11-26,C0109,P003,1,0.0,Онлайн,7
ORD-10713,2025-07-09,C0146,P005,3,0.05,Магазин,5
ORD-10714,2025-04-20,C0124,P010,3,0.1,Партнёр,7
ORD-10715,2025-09-23,C0003,P003,1,0.1,Онлайн,4
ORD-10716,2025-01-06,C0113,P001,4,0.15,Онлайн,4
ORD-10717,2025-06-12,C0112,P006,6,0.15,Партнёр,4
ORD-10718,2025-08-04,C0149,P011,4,0.1,Онлайн,4
ORD-10719,2025-11-22,C0100,P004,1,0.1,Магазин,7
ORD-10720,2025-12-10,C0019,P008,6,0.0,Онлайн,9
ORD-10721,2025-09-05,C0013,P004,1,0.0,Онлайн,6
ORD-10722,2025-11-23,C0023,P001,1,0.1,Онлайн,3
ORD-10723,2025-05-06,C0171,P012,5,0.15,Онлайн,5
ORD-10724,2025-07-23,C0033,P012,1,0.1,Онлайн,4
ORD-10725,2025-03-29,C0125,P011,6,0.05,Онлайн,6
ORD-10726,2025-09-17,C0044,P010,4,0.1,Партнёр,5
ORD-10727,2025-05-21,C0086,P010,4,0.0,Онлайн,5
ORD-10728,2025-11-18,C0022,P005,4,0.0,Магазин,3
ORD-10729,2025-06-05,C0131,P009,2,0.15,Онлайн,7
ORD-10730,2025-10-11,C0058,P004,2,0.05,Магазин,6
ORD-10731,2025-07-03,C0055,P007,1,0.1,Магазин,2
ORD-10732,2025-02-14,C0137,P004,4,0.1,Онлайн,4
ORD-10733,2025-08-12,C0033,P006,5,0.0,Магазин,3
ORD-10734,2025-10-12,C0135,P007,1,0.0,Онлайн,4
ORD-10735,2025-07-20,C0166,P006,3,0.15,Онлайн,6
ORD-10736,2025-08-25,C0010,P009,5,0.0,Онлайн,5
ORD-10737,2025-12-09,C0003,P004,1,0.05,Онлайн,4
ORD-10738,2025-07-07,C0111,P003,2,0.1,Онлайн,5
ORD-10739,2025-07-27,C0025,P002,2,0.0,Онлайн,5
ORD-10740,2025-10-20,C0150,P002,3,0.1,Магазин,6
ORD-10741,2025-05-21,C0043,P004,2,0.05,Онлайн,4
ORD-10742,2025-02-25,C0159,P009,6,0.0,Онлайн,6
ORD-10743,2025-06-30,C0089,P004,4,0.0,Магазин,3
ORD-10744,2025-08-09,C0118,P011,4,0.1,Онлайн,4
ORD-10745,2025-09-03,C0106,P004,1,0.15,Онлайн,6
ORD-10746,2025-05-11,C0059,P003,6,0.0,Онлайн,8
ORD-10747,2025-05-12,C0119,P012,6,0.0,Партнёр,5
ORD-10748,2025-01-07,C0117,P001,1,0.05,Магазин,3
ORD-10749,2025-11-25,C0043,P008,5,0.2,Онлайн,6
ORD-10750,2025-11-14,C0143,P009,2,0.15,Онлайн,6
ORD-10751,2025-03-07,C0021,P010,2,0.1,Онлайн,6
ORD-10752,2025-03-19,C0180,P009,1,0.0,Онлайн,4
ORD-10753,2025-01-09,C0089,P003,6,0.15,Онлайн,6
ORD-10754,2025-10-09,C0112,P010,3,0.0,Онлайн,3
ORD-10755,2025-11-10,C0034,P005,5,0.05,Магазин,5
ORD-10756,2025-11-10,C0158,P012,1,0.0,Онлайн,4
ORD-10757,2025-11-12,C0054,P008,5,0.0,Онлайн,5
ORD-10758,2025-12-16,C0140,P012,6,0.1,Онлайн,4
ORD-10759,2025-12-19,C0123,P011,2,0.1,Магазин,2
ORD-10760,2025-08-12,C0118,P011,3,0.05,Онлайн,4
ORD-10761,2025-06-02,C0156,P009,1,0.05,Онлайн,6
ORD-10762,2025-05-31,C0179,P009,3,0.05,Онлайн,5
ORD-10763,2025-03-17,C0046,P002,5,0.05,Онлайн,8
ORD-10764,2025-03-27,C0001,P006,5,0.0,Магазин,6
ORD-10765,2025-07-09,C0131,P005,1,0.1,Партнёр,6
ORD-10766,2025-01-04,C0050,P011,5,0.0,Магазин,5
ORD-10767,2025-03-19,C0007,P008,4,0.1,Онлайн,8
ORD-10768,2025-10-29,C0030,P009,3,0.15,Онлайн,7
ORD-10769,2025-12-01,C0015,P011,3,0.0,Магазин,4
ORD-10770,2025-12-12,C0153,P009,6,0.1,Магазин,7
ORD-10771,2025-06-05,C0165,P001,4,0.15,Онлайн,9
ORD-10772,2025-12-21,C0132,P001,2,0.0,Партнёр,3
ORD-10773,2025-03-20,C0033,P011,2,0.05,Магазин,2
ORD-10774,2025-08-23,C0178,P005,4,0.1,Онлайн,5
ORD-10775,2025-11-23,C0040,P009,1,0.2,Партнёр,6
ORD-10776,2025-01-27,C0122,P009,3,0.05,Онлайн,4
ORD-10777,2025-06-23,C0099,P007,3,0.05,Онлайн,6
ORD-10778,2025-10-02,C0115,P012,6,0.0,Магазин,8
ORD-10779,2025-11-14,C0060,P006,2,0.0,Онлайн,6
ORD-10780,2025-08-16,C0059,P007,2,0.1,Онлайн,8
ORD-10781,2025-01-25,C0125,P003,2,0.0,Онлайн,5
ORD-10782,2025-01-06,C0086,P006,1,0.0,Партнёр,4
ORD-10783,2025-03-12,C0039,P010,2,0.05,Магазин,4
ORD-10784,2025-06-15,C0023,P009,1,0.05,Партнёр,5
ORD-10785,2025-02-10,C0020,P012,4,0.0,Магазин,4
ORD-10786,2025-05-29,C0082,P002,1,0.1,Онлайн,7
ORD-10787,2025-12-09,C0062,P005,6,0.0,Онлайн,6
ORD-10788,2025-12-29,C0007,P011,2,0.1,Онлайн,3
ORD-10789,2025-05-30,C0024,P009,1,0.15,Партнёр,6
ORD-10790,2025-05-05,C0137,P005,5,0.2,Онлайн,5
ORD-10791,2025-04-13,C0082,P006,6,0.1,Онлайн,5
ORD-10792,2025-06-05,C0131,P010,6,0.05,Магазин,8
ORD-10793,2025-03-03,C0087,P003,4,0.15,Партнёр,8
ORD-10794,2025-10-06,C0062,P011,3,0.0,Онлайн,7
ORD-10795,2025-07-02,C0078,P006,2,0.05,Магазин,4
ORD-10796,2025-04-06,C0111,P006,6,0.1,Онлайн,9
ORD-10797,2025-06-03,C0107,P001,4,0.0,Онлайн,6
ORD-10798,2025-09-30,C0049,P012,4,0.0,Онлайн,3
ORD-10799,2025-04-02,C0047,P001,4,0.05,Онлайн,7
ORD-10800,2025-02-15,C0062,P008,2,0.15,Магазин,6
ORD-10801,2025-03-10,C0009,P005,1,0.1,Онлайн,6
ORD-10802,2025-06-16,C0141,P005,2,0.0,Онлайн,2
ORD-10803,2025-08-01,C0112,P005,6,0.0,Онлайн,4
ORD-10804,2025-01-11,C0066,P003,3,0.15,Онлайн,4
ORD-10805,2025-08-19,C0179,P005,1,0.2,Онлайн,6
ORD-10806,2025-06-25,C0166,P010,4,0.05,Онлайн,5
ORD-10807,2025-02-01,C0103,P009,2,0.1,Магазин,3
ORD-10808,2025-08-25,C0001,P001,3,0.0,Онлайн,5
ORD-10809,2025-06-20,C0015,P010,2,0.1,Онлайн,8
ORD-10810,2025-12-03,C0165,P003,4,0.2,Партнёр,7
ORD-10811,2025-09-17,C0135,P005,1,0.1,Онлайн,5
ORD-10812,2025-10-03,C0050,P012,6,0.05,Онлайн,5
ORD-10813,2025-06-12,C0087,P009,6,0.1,Онлайн,7
ORD-10814,2025-06-07,C0009,P004,3,0.15,Магазин,4
ORD-10815,2025-09-24,C0108,P006,3,0.1,Онлайн,2
ORD-10816,2025-11-12,C0092,P005,6,0.05,Онлайн,7
ORD-10817,2025-09-21,C0091,P012,4,0.1,Магазин,7
ORD-10818,2025-06-22,C0120,P005,5,0.05,Онлайн,4
ORD-10819,2025-12-22,C0075,P011,5,0.15,Магазин,6
ORD-10820,2025-01-15,C0123,P008,5,0.05,Магазин,5
ORD-10821,2025-05-27,C0002,P010,1,0.0,Партнёр,4
ORD-10822,2025-08-25,C0050,P009,3,0.05,Онлайн,7
ORD-10823,2025-02-13,C0119,P006,1,0.15,Онлайн,2
ORD-10824,2025-01-28,C0146,P004,1,0.0,Партнёр,6
ORD-10825,2025-09-08,C0114,P008,1,0.0,Онлайн,6
ORD-10826,2025-04-14,C0049,P012,5,0.1,Онлайн,3
ORD-10827,2025-05-26,C0043,P003,3,0.1,Онлайн,4
ORD-10828,2025-07-10,C0126,P003,4,0.05,Онлайн,5
ORD-10829,2025-07-29,C0123,P004,3,0.05,Онлайн,6
ORD-10830,2025-10-05,C0109,P005,3,0.15,Магазин,4
ORD-10831,2025-02-09,C0126,P011,3,0.2,Онлайн,4
ORD-10832,2025-06-22,C0080,P007,2,0.1,Онлайн,4
ORD-10833,2025-12-27,C0092,P008,6,0.15,Онлайн,6
ORD-10834,2025-11-22,C0033,P011,6,0.1,Магазин,4
ORD-10835,2025-07-07,C0022,P003,5,0.0,Онлайн,5
ORD-10836,2025-01-15,C0070,P011,6,0.05,Магазин,5
ORD-10837,2025-08-03,C0166,P002,3,0.05,Онлайн,5
ORD-10838,2025-07-28,C0159,P008,3,0.05,Онлайн,6
ORD-10839,2025-04-28,C0129,P005,2,0.1,Магазин,3
ORD-10840,2025-04-09,C0046,P006,4,0.0,Онлайн,9
ORD-10841,2025-12-25,C0114,P007,2,0.15,Онлайн,5
ORD-10842,2025-08-18,C0178,P012,4,0.15,Магазин,3
ORD-10843,2025-10-20,C0119,P008,5,0.0,Магазин,3
ORD-10844,2025-11-17,C0177,P008,2,0.0,Партнёр,3
ORD-10845,2025-01-30,C0065,P009,5,0.0,Онлайн,7
ORD-10846,2025-07-28,C0044,P003,2,0.0,Онлайн,5
ORD-10847,2025-08-01,C0006,P008,4,0.1,Онлайн,7
ORD-10848,2025-09-09,C0158,P012,4,0.05,Онлайн,3
ORD-10849,2025-10-08,C0147,P004,6,0.15,Онлайн,10
ORD-10850,2025-10-19,C0029,P003,2,0.05,Магазин,3
ORD-10851,2025-03-15,C0166,P004,1,0.0,Партнёр,5
ORD-10852,2025-06-28,C0064,P008,4,0.0,Онлайн,7
ORD-10853,2025-12-30,C0064,P007,4,0.0,Магазин,5
ORD-10854,2025-08-22,C0030,P012,1,0.05,Магазин,6
ORD-10855,2025-11-03,C0127,P010,3,0.0,Онлайн,4
ORD-10856,2025-12-20,C0131,P010,2,0.05,Онлайн,8
ORD-10857,2025-06-28,C0109,P012,3,0.15,Магазин,5
ORD-10858,2025-06-20,C0114,P004,4,0.1,Онлайн,7
ORD-10859,2025-09-24,C0107,P007,1,0.0,Партнёр,6
ORD-10860,2025-10-13,C0095,P004,4,0.0,Партнёр,7
ORD-10861,2025-07-25,C0160,P012,5,0.0,Онлайн,6
ORD-10862,2025-07-22,C0072,P006,2,0.2,Онлайн,6
ORD-10863,2025-12-19,C0029,P008,6,0.0,Онлайн,6
ORD-10864,2025-10-09,C0022,P007,5,0.0,Онлайн,4
ORD-10865,2025-12-24,C0109,P007,1,0.0,Онлайн,5
ORD-10866,2025-06-08,C0027,P003,6,0.05,Магазин,8
ORD-10867,2025-05-22,C0050,P003,4,0.05,Онлайн,6
ORD-10868,2025-12-10,C0092,P008,6,0.0,Онлайн,7
ORD-10869,2025-02-08,C0063,P011,5,0.0,Магазин,4
ORD-10870,2025-05-12,C0010,P011,6,0.05,Магазин,3
ORD-10871,2025-10-01,C0169,P010,2,0.05,Магазин,7
ORD-10872,2025-06-14,C0066,P002,6,0.1,Магазин,5
ORD-10873,2025-08-10,C0150,P012,6,0.1,Онлайн,6
ORD-10874,2025-11-17,C0111,P009,5,0.05,Онлайн,8
ORD-10875,2025-07-30,C0092,P009,6,0.0,Магазин,6
ORD-10876,2025-05-05,C0169,P001,1,0.15,Магазин,7
ORD-10877,2025-12-13,C0010,P005,4,0.1,Онлайн,4
ORD-10878,2025-04-05,C0100,P010,4,0.0,Онлайн,6
ORD-10879,2025-10-12,C0166,P007,6,0.05,Онлайн,4
ORD-10880,2025-05-01,C0086,P005,6,0.05,Онлайн,4
ORD-10881,2025-11-09,C0041,P005,6,0.1,Магазин,4
ORD-10882,2025-09-29,C0168,P004,2,0.15,Партнёр,3
ORD-10883,2025-08-01,C0161,P010,2,0.1,Онлайн,7
ORD-10884,2025-08-26,C0040,P002,1,0.0,Онлайн,3
ORD-10885,2025-04-23,C0082,P001,2,0.2,Партнёр,7
ORD-10886,2025-11-13,C0075,P008,4,0.1,Онлайн,10
ORD-10887,2025-04-02,C0023,P011,2,0.1,Магазин,4
ORD-10888,2025-12-11,C0009,P009,2,0.0,Онлайн,5
ORD-10889,2025-01-07,C0091,P012,4,0.1,Онлайн,8
ORD-10890,2025-03-31,C0122,P005,1,0.15,Онлайн,4
ORD-10891,2025-06-14,C0162,P004,4,0.1,Магазин,7
ORD-10892,2025-03-02,C0122,P002,6,0.2,Онлайн,6
ORD-10893,2025-10-01,C0136,P003,4,0.0,Онлайн,7
ORD-10894,2025-04-19,C0083,P005,2,0.0,Онлайн,6
ORD-10895,2025-02-26,C0014,P009,1,0.05,Онлайн,9
ORD-10896,2025-10-06,C0164,P004,3,0.05,Онлайн,6
ORD-10897,2025-05-03,C0053,P001,1,0.0,Магазин,2
ORD-10898,2025-06-08,C0019,P006,3,0.05,Онлайн,7
ORD-10899,2025-05-11,C0035,P002,2,0.15,Партнёр,8
ORD-10900,2025-04-30,C0073,P010,5,0.1,Онлайн,7
ORD-10011,2025-06-23,C0044,P002,4,0.1,Магазин,4
ORD-10021,2025-09-21,C0010,P006,4,0.05,Магазин,2
