order_id,order_date,client_id,product_id,region_id,channel,quantity,unit_price,discount,comment,channel_raw,order_date_raw,is_duplicate_order,invalid_date,invalid_quantity,invalid_price,invalid_discount,missing_key,unknown_product,unknown_client,unknown_region,exclude_from_report,quality_status,gross_revenue,revenue,product_name,category,cost,segment,loyalty_level,registration_date,region_name,macro_region,margin,order_month,revenue_zscore,revenue_minmax
ORD-1001,2026-02-03,C033,P014,R02,retail,1,15417.31,0.15,,Retail ,2026-02-03,False,False,False,False,False,False,False,False,False,False,ready_for_report,15417.31,13104.7135,Printer A4,Electronics,11600,SMB,Silver,2024-08-12,Санкт-Петербург,Северо-Западный,1504.7134999999998,2026-02,-0.4882646239021792,0.01938515929754389
ORD-1002,2026-01-26,C010,P010,R03,marketplace,5,5179.59,0.1,regular order,MarketPlace,2026-01-26,False,False,False,False,False,False,False,False,False,False,ready_for_report,25897.95,23308.155000000002,Noise Cancelling Headset,Accessories,3100,B2B,Gold,2024-08-08,Казань,Приволжский,7808.1550000000025,2026-01,-0.38796098735734563,0.03525230516389657
ORD-1003,2026-01-15,C024,P001,R03,online,4,65077.84,0.0,,Online,2026-01-15,False,False,False,False,False,False,False,False,False,False,ready_for_report,260311.36,260311.36,Laptop Basic 14,Electronics,42000,Enterprise,Silver,2024-10-03,Казань,Приволжский,92311.35999999999,2026-01,1.9418689366227824,0.40381073954391294
ORD-1004,2026-03-04,C005,P008,R05,marketplace,1,24490.57,0.0,regular order,MarketPlace,2026-03-04,False,False,False,False,False,False,False,False,False,False,ready_for_report,24490.57,24490.57,Monitor 27,Electronics,14500,B2C,Silver,2024-08-11,Новосибирск,Сибирский,9990.57,2026-03,-0.37633740678355987,0.03709105253943289
ORD-1005,2026-02-03,C034,P005,R05,retail,5,11533.09,0.03,regular order,retail,2026-02-03,False,False,False,False,False,False,False,False,False,False,ready_for_report,57665.45,55935.4865,Office Chair,Furniture,7300,Enterprise,Bronze,2024-04-03,Новосибирск,Сибирский,19435.4865,2026-02,-0.06722214642766518,0.08599034567114537
ORD-1006,2026-03-25,C024,P007,R04,retail,4,15743.45,0.15,repeat client,Retail ,2026-03-25,False,False,False,False,False,False,False,False,False,False,ready_for_report,62973.8,53527.73,Monitor 24,Electronics,9800,Enterprise,Silver,2024-10-03,Екатеринбург,Уральский,14327.730000000003,2026-03,-0.09089129108483406,0.08224609687076183
ORD-1007,2026-01-03,C038,P004,R05,online,1,2473.12,0.05,regular order,Online,2026-01-03,False,False,False,False,False,False,False,False,False,False,ready_for_report,2473.12,2349.464,USB-C Hub,Accessories,1800,SMB,Bronze,2025-07-20,Новосибирск,Сибирский,549.4639999999999,2026-01,-0.5939927389501268,0.002659909033158419
ORD-1008,2026-01-30,C005,P001,R01,marketplace,6,53990.85,0.0,promo,MarketPlace,2026-01-30,False,False,False,False,False,False,False,False,False,False,ready_for_report,323945.1,323945.1,Laptop Basic 14,Electronics,42000,B2C,Silver,2024-08-11,Москва,Центральный,71945.09999999998,2026-01,2.5674123406740956,0.5027661591052013
ORD-1009,2026-03-04,C014,P003,R05,online,3,979.6,0.15,repeat client,Online,2026-03-04,False,False,False,False,False,False,False,False,False,False,ready_for_report,2938.8,2497.98,Wireless Mouse,Accessories,650,B2C,Bronze,2025-01-22,Новосибирск,Сибирский,547.98,2026-03,-0.5925327712632348,0.0028908629750698063
ORD-1010,2026-01-13,C007,P008,R06,retail,4,23813.49,0.03,promo,retail,2026-01-13,False,False,False,False,False,False,False,False,False,False,ready_for_report,95253.96,92396.34120000001,Monitor 27,Electronics,14500,Enterprise,Platinum,2024-08-13,Ростов-на-Дону,Южный,34396.34120000001,2026-01,0.2912016577312344,0.1426898131926469
ORD-1011,2026-03-28,C007,P014,R01,retail,6,16884.39,0.0,promo,retail,2026-03-28,False,False,False,False,False,False,False,False,False,False,ready_for_report,101306.34,101306.34,Printer A4,Electronics,11600,Enterprise,Platinum,2024-08-13,Москва,Центральный,31706.339999999997,2026-03,0.37879026999015725,0.15654555496650105
ORD-1012,2026-02-27,C009,P004,R04,online,2,2473.79,0.1,promo,Online,2026-02-27,False,False,False,False,False,False,False,False,False,False,ready_for_report,4947.58,4452.822,USB-C Hub,Accessories,1800,Enterprise,Gold,2024-12-14,Екатеринбург,Уральский,852.8220000000001,2026-02,-0.5733159451099633,0.005930794468740114
ORD-1013,2026-03-12,C007,P015,R01,marketplace,1,12236.64,0.07,,marketplace,2026-03-12,False,False,False,False,False,False,False,False,False,False,ready_for_report,12236.64,11380.0752,Coffee Machine,Appliances,8900,Enterprise,Platinum,2024-08-13,Москва,Центральный,2480.0751999999993,2026-03,-0.5052184618023131,0.016703212478639845
ORD-1014,2026-02-22,C032,P003,R04,online,2,1113.57,0.03,repeat client,Online,2026-02-22,False,False,False,False,False,False,False,False,False,False,ready_for_report,2227.14,2160.3257999999996,Wireless Mouse,Accessories,650,Enterprise,Platinum,2025-08-20,Екатеринбург,Уральский,860.3257999999996,2026-02,-0.5958520380179505,0.002365784407824958
ORD-1015,2026-02-03,C030,P002,R03,retail,1,91929.98,0.07,repeat client,retail,2026-02-03,False,False,False,False,False,False,False,False,False,False,ready_for_report,91929.98,85494.88139999998,Laptop Pro 15,Electronics,69000,B2B,Silver,2024-09-28,Казань,Приволжский,16494.881399999984,2026-02,0.2233577331683325,0.13195750592775302
ORD-1016,2026-03-16,C035,P005,R01,marketplace,2,9818.13,0.0,promo,marketplace,2026-03-16,False,False,False,False,False,False,False,False,False,False,ready_for_report,19636.26,19636.26,Office Chair,Furniture,7300,B2C,Silver,2024-06-05,Москва,Центральный,5036.259999999998,2026-03,-0.42405708508190176,0.029542222583334794
ORD-1017,2026-03-09,C011,P002,R01,retail,4,87979.91,0.1,,Retail ,2026-03-09,False,False,False,False,False,False,False,False,False,False,ready_for_report,351919.64,316727.67600000004,Laptop Pro 15,Electronics,69000,B2C,Platinum,2024-04-04,Москва,Центральный,40727.676000000036,2026-03,2.4964623701483712,0.49154250291162055
ORD-1018,2026-01-31,C026,P006,R01,retail,1,27611.6,0.15,regular order,Retail ,2026-01-31,False,False,False,False,False,False,False,False,False,False,ready_for_report,27611.6,23469.859999999997,Standing Desk,Furniture,21500,B2C,Platinum,2024-11-19,Москва,Центральный,1969.859999999997,2026-01,-0.38637136688003093,0.035503769027566336
ORD-1019,2026-03-16,C037,P002,R05,online,4,107618.66,0.15,promo, ONLINE ,2026-03-16,False,False,False,False,False,False,False,False,False,False,ready_for_report,430474.64,365903.444,Laptop Pro 15,Electronics,69000,Enterprise,Platinum,2025-01-25,Новосибирск,Сибирский,89903.44400000002,2026-03,2.9798785156013596,0.568014650465553
ORD-1020,2026-02-03,C026,P007,R02,marketplace,3,15531.66,0.03,promo,marketplace,2026-02-03,False,False,False,False,False,False,False,False,False,False,ready_for_report,46594.979999999996,45197.1306,Monitor 24,Electronics,9800,B2C,Platinum,2024-11-19,Санкт-Петербург,Северо-Западный,15797.130599999997,2026-02,-0.17278419108511428,0.06929136626991993
ORD-1021,2026-02-28,C040,P015,R05,online,1,12531.99,0.0,,online,2026-02-28,False,False,False,False,False,False,False,False,False,False,ready_for_report,12531.99,12531.99,Coffee Machine,Appliances,8900,SMB,Gold,2024-04-24,Новосибирск,Сибирский,3631.99,2026-02,-0.4938947095732427,0.01849452966874776
ORD-1022,2026-01-09,C016,P007,R03,online,2,14728.84,0.05,regular order, ONLINE ,2026-01-09,False,False,False,False,False,False,False,False,False,False,ready_for_report,29457.68,27984.796,Monitor 24,Electronics,9800,B2B,Bronze,2024-03-12,Казань,Приволжский,8384.795999999998,2026-01,-0.34198786161201083,0.042524845993533844
ORD-1023,2026-03-20,C034,P015,R01,marketplace,6,14835.17,0.05,promo,marketplace,2026-03-20,False,False,False,False,False,False,False,False,False,False,ready_for_report,89011.02,84560.469,Coffee Machine,Appliances,8900,Enterprise,Bronze,2024-04-03,Москва,Центральный,31160.468999999997,2026-03,0.21417211067492337,0.13050442190212025
ORD-1024,2026-01-15,C007,P004,R06,retail,2,3095.04,0.05,regular order,Retail ,2026-01-15,False,False,False,False,False,False,False,False,False,False,ready_for_report,6190.08,5880.576,USB-C Hub,Accessories,1800,Enterprise,Platinum,2024-08-13,Ростов-на-Дону,Южный,2280.576,2026-01,-0.5592805906375109,0.00815106308881977
ORD-1025,2026-02-13,C014,P009,R06,marketplace,2,1669.05,0.15,promo,marketplace,2026-02-13,False,False,False,False,False,False,False,False,False,False,ready_for_report,3338.1,2837.3849999999998,Keyboard Compact,Accessories,1200,B2C,Bronze,2025-01-22,Ростов-на-Дону,Южный,437.38499999999976,2026-02,-0.5891962934913478,0.003418664172613735
ORD-1026,2026-03-23,C028,P016,R03,online,1,10179.15,0.0,,online,2026-03-23,False,False,False,False,False,False,False,False,False,False,ready_for_report,10179.15,10179.15,Water Cooler,Appliances,7400,SMB,Platinum,2024-08-05,Казань,Приволжский,2779.1499999999996,2026-03,-0.5170240045477027,0.014835680301091834
ORD-1027,2026-01-21,C029,P011,R05,marketplace,6,4252.45,0.05,repeat client,marketplace,2026-01-21,False,False,False,False,False,False,False,False,False,False,ready_for_report,25514.699999999997,24238.964999999997,Webcam HD,Electronics,2600,Enterprise,Platinum,2025-10-20,Новосибирск,Сибирский,8638.964999999997,2026-01,-0.3788107777998844,0.03669978717708395
ORD-1028,2026-03-11,C003,P001,R03,retail,6,54849.35,0.03,regular order,Retail ,2026-03-11,False,False,False,False,False,False,False,False,False,False,ready_for_report,329096.1,319223.21699999995,Laptop Basic 14,Electronics,42000,B2C,Bronze,2025-11-23,Казань,Приволжский,67223.21699999995,2026-03,2.5209944691903194,0.4954232634434923
ORD-1029,2026-01-06,C023,P014,R02,marketplace,3,15239.18,0.05,regular order,marketplace,2026-01-06,False,False,False,False,False,False,False,False,False,False,ready_for_report,45717.54,43431.663,Printer A4,Electronics,11600,B2B,Platinum,2024-06-16,Санкт-Петербург,Северо-Западный,8631.663,2026-01,-0.1901393962364428,0.06654592671097116
ORD-1030,2026-03-21,C010,P004,R02,marketplace,5,2568.31,0.07,regular order,MarketPlace,2026-03-21,False,False,False,False,False,False,False,False,False,False,ready_for_report,12841.55,11942.641499999998,USB-C Hub,Accessories,1800,B2B,Gold,2024-08-08,Санкт-Петербург,Северо-Западный,2942.641499999998,2026-03,-0.4996882251965981,0.017578046870702004
ORD-1031,2026-02-12,C027,P006,R06,marketplace,1,36350.22,0.03,regular order,MarketPlace,2026-02-12,False,False,False,False,False,False,False,False,False,False,ready_for_report,36350.22,35259.7134,Standing Desk,Furniture,21500,SMB,Silver,2024-03-08,Ростов-на-Дону,Южный,13759.7134,2026-02,-0.27047270951521235,0.05383790889995294
ORD-1032,2026-02-18,C003,P009,R04,online,6,1595.52,0.0,regular order,Online,2026-02-18,False,False,False,False,False,False,False,False,False,False,ready_for_report,9573.119999999999,9573.119999999999,Keyboard Compact,Accessories,1200,B2C,Bronze,2025-11-23,Екатеринбург,Уральский,2373.119999999999,2026-02,-0.5229815055394285,0.013893256471897956
ORD-1033,2026-01-04,C013,P015,R04,online,2,12680.98,0.03,promo, ONLINE ,2026-01-04,False,False,False,False,False,False,False,False,False,False,ready_for_report,25361.96,24601.101199999997,Coffee Machine,Appliances,8900,SMB,Platinum,2024-02-14,Екатеринбург,Уральский,6801.101199999997,2026-01,-0.37525084385166435,0.03726293716024274
ORD-1034,2026-03-24,C033,P003,R04,marketplace,3,1126.74,0.05,promo,marketplace,2026-03-24,False,False,False,False,False,False,False,False,False,False,ready_for_report,3380.2200000000003,3211.2090000000003,Wireless Mouse,Accessories,650,SMB,Silver,2024-08-12,Екатеринбург,Уральский,1261.2090000000003,2026-03,-0.585521464108758,0.003999989594663093
ORD-1035,2026-03-16,C017,P001,R01,online,3,54922.18,0.03,repeat client,online,2026-03-16,False,False,False,False,False,False,False,False,False,False,ready_for_report,164766.54,159823.5438,Laptop Basic 14,Electronics,42000,B2B,Bronze,2024-10-23,Москва,Центральный,33823.543800000014,2026-03,0.9540362143683512,0.24754436241648614
ORD-1036,2026-03-19,C033,P012,R01,retail,3,290.57,0.07,regular order,retail,2026-03-19,False,False,False,False,False,False,False,False,False,False,ready_for_report,871.71,810.6903,Notebook Pack,Office Supplies,180,SMB,Silver,2024-08-12,Москва,Центральный,270.6903,2026-03,-0.6091194584917196,0.00026699613673938113
ORD-1037,2026-03-08,C035,P009,R06,marketplace,4,1526.63,0.0,regular order,marketplace,2026-03-08,False,False,False,False,False,False,False,False,False,False,ready_for_report,6106.52,6106.52,Keyboard Compact,Accessories,1200,B2C,Silver,2024-06-05,Ростов-на-Дону,Южный,1306.5200000000004,2026-03,-0.5570594768245404,0.008502423598470088
ORD-1038,2026-03-21,C021,P012,R06,marketplace,6,263.82,0.05,,MarketPlace,2026-03-21,False,False,False,False,False,False,False,False,False,False,ready_for_report,1582.92,1503.774,Notebook Pack,Office Supplies,180,B2B,Gold,2025-11-17,Ростов-на-Дону,Южный,423.7739999999999,2026-03,-0.6023061871518537,0.0013447952465290944
ORD-1039,2026-02-11,C026,P010,R06,online,6,4661.04,0.07,regular order, ONLINE ,2026-02-11,False,False,False,False,False,False,False,False,False,False,ready_for_report,27966.239999999998,26008.603199999998,Noise Cancelling Headset,Accessories,3100,B2C,Platinum,2024-11-19,Ростов-на-Дону,Южный,7408.603199999998,2026-02,-0.3614145740946293,0.03945171234371227
ORD-1040,2026-01-23,C040,P007,R05,online,4,14310.19,0.15,repeat client, ONLINE ,2026-01-23,False,False,False,False,False,False,False,False,False,False,ready_for_report,57240.76,48654.646,Monitor 24,Electronics,9800,SMB,Gold,2024-04-24,Новосибирск,Сибирский,9454.646,2026-01,-0.13879552480719567,0.0746680718831153
ORD-1041,2026-03-16,C039,P001,R06,online,2,58881.37,0.07,repeat client, ONLINE ,2026-03-16,False,False,False,False,False,False,False,False,False,False,ready_for_report,117762.74,109519.3482,Laptop Basic 14,Electronics,42000,B2C,Gold,2025-11-29,Ростов-на-Дону,Южный,25519.348199999993,2026-03,0.45952720462466634,0.1693174220969149
ORD-1042,2026-03-02,C011,P015,R06,online,2,13092.61,0.1,promo,online,2026-03-02,False,False,False,False,False,False,False,False,False,False,ready_for_report,26185.22,23566.698,Coffee Machine,Appliances,8900,B2C,Platinum,2024-04-04,Ростов-на-Дону,Южный,5766.698,2026-03,-0.38541941321266004,0.035654359656366034
ORD-1043,2026-02-09,C015,P011,R02,online,2,3371.4,0.15,,Online,2026-02-09,False,False,False,False,False,False,False,False,False,False,ready_for_report,6742.8,5731.38,Webcam HD,Electronics,2600,SMB,Gold,2025-10-05,Санкт-Петербург,Северо-Западный,531.3800000000001,2026-02,-0.5607472429780905,0.007919051693970655
ORD-1044,2026-01-10,C030,P002,R04,marketplace,4,94697.07,0.1,regular order,marketplace,2026-01-10,False,False,False,False,False,False,False,False,False,False,ready_for_report,378788.28,340909.45200000005,Laptop Pro 15,Electronics,69000,B2B,Silver,2024-09-28,Екатеринбург,Уральский,64909.45200000005,2026-01,2.734178249728078,0.5291470471332409
ORD-1045,2026-03-25,C001,P013,R01,marketplace,2,329.38,0.03,repeat client,MarketPlace,2026-03-25,False,False,False,False,False,False,False,False,False,False,ready_for_report,658.76,638.9972,Marker Set,Office Supplies,220,B2C,Gold,2024-01-26,Москва,Центральный,198.99720000000002,2026-03,-0.6108072657182966,0.0
ORD-1046,2026-03-01,C004,P008,R05,online,6,19400.18,0.1,,Online,2026-03-01,False,False,False,False,False,False,False,False,False,False,ready_for_report,116401.08,104760.97200000001,Monitor 27,Electronics,14500,Enterprise,Bronze,2024-02-02,Новосибирск,Сибирский,17760.97200000001,2026-03,0.41275059137036535,0.1619177766682249
ORD-1047,2026-03-09,C036,P015,R05,online,4,11718.36,0.15,repeat client, ONLINE ,2026-03-09,False,False,False,False,False,False,False,False,False,False,ready_for_report,46873.44,39842.424,Coffee Machine,Appliances,8900,Enterprise,Bronze,2025-09-02,Новосибирск,Сибирский,4242.423999999999,2026-03,-0.22542295464450954,0.06096438064514603
ORD-1048,2026-01-21,C031,P014,R04,online,5,19317.3,0.07,regular order, ONLINE ,2026-01-21,False,False,False,False,False,False,False,False,False,False,ready_for_report,96586.5,89825.44499999999,Printer A4,Electronics,11600,B2B,Gold,2025-07-28,Екатеринбург,Уральский,31825.444999999992,2026-01,0.2659287889605068,0.1386918694584027
ORD-1049,2026-03-22,C016,P009,R03,retail,5,1959.49,0.07,,retail,2026-03-22,False,False,False,False,False,False,False,False,False,False,ready_for_report,9797.45,9111.6285,Keyboard Compact,Accessories,1200,B2B,Bronze,2024-03-12,Казань,Приволжский,3111.6285000000007,2026-03,-0.5275181391531488,0.013175601262468679
ORD-1050,2026-03-11,C006,P010,R02,online,3,4238.47,0.05,regular order,Online,2026-03-11,False,False,False,False,False,False,False,False,False,False,ready_for_report,12715.41,12079.6395,Noise Cancelling Headset,Accessories,3100,B2C,Silver,2025-07-28,Санкт-Петербург,Северо-Западный,2779.6394999999993,2026-03,-0.4983414837467286,0.017791089425941684
ORD-1051,2026-01-09,C027,P013,R04,online,6,351.33,0.03,repeat client, ONLINE ,2026-01-09,False,False,False,False,False,False,False,False,False,False,ready_for_report,2107.98,2044.7405999999999,Marker Set,Office Supplies,220,SMB,Silver,2024-03-08,Екатеринбург,Уральский,724.7405999999999,2026-01,-0.5969882836553427,0.0021860404235632216
ORD-1052,2026-03-16,C002,P014,R05,retail,4,14861.14,0.07,repeat client,retail,2026-03-16,False,False,False,False,False,False,False,False,False,False,ready_for_report,59444.56,55283.4408,Printer A4,Electronics,11600,B2B,Silver,2024-08-16,Новосибирск,Сибирский,8883.440799999997,2026-03,-0.07363199891747675,0.0849763638461476
ORD-1053,2026-02-23,C035,P001,R06,marketplace,3,72297.57,0.07,regular order,marketplace,2026-02-23,False,False,False,False,False,False,False,False,False,False,ready_for_report,216892.71000000002,201710.22030000002,Laptop Basic 14,Electronics,42000,B2C,Silver,2024-06-05,Ростов-на-Дону,Южный,75710.22030000002,2026-02,1.365797871033607,0.3126814052350515
ORD-1054,2026-01-04,C025,P016,R03,marketplace,4,10061.86,0.07,repeat client,marketplace,2026-01-04,False,False,False,False,False,False,False,False,False,False,ready_for_report,40247.44,37430.1192,Water Cooler,Appliances,7400,SMB,Silver,2024-02-27,Казань,Приволжский,7830.119200000001,2026-01,-0.24913681078751357,0.05721305888417914
ORD-1055,2026-03-10,C002,P006,R04,retail,2,35910.44,0.1,,Retail ,2026-03-10,False,False,False,False,False,False,False,False,False,False,ready_for_report,71820.88,64638.79200000001,Standing Desk,Furniture,21500,B2B,Silver,2024-08-16,Екатеринбург,Уральский,21638.79200000001,2026-03,0.018334593581149704,0.09952466327250857
ORD-1056,2026-01-24,C004,P003,R03,retail,2,1021.39,0.07,promo,retail,2026-01-24,False,False,False,False,False,False,False,False,False,False,ready_for_report,2042.78,1899.7853999999998,Wireless Mouse,Accessories,650,Enterprise,Bronze,2024-02-02,Казань,Приволжский,599.7853999999998,2026-01,-0.5984132473498064,0.001960623802858695
ORD-1057,2026-02-05,C027,P007,R03,marketplace,3,14478.03,0.07,,MarketPlace,2026-02-05,False,False,False,False,False,False,False,False,False,False,ready_for_report,43434.090000000004,40393.7037,Monitor 24,Electronics,9800,SMB,Silver,2024-03-08,Казань,Приволжский,10993.703699999998,2026-02,-0.2200036695274885,0.06182166349555088
ORD-1058,2026-02-14,C015,P016,R06,online,5,9321.72,0.0,,online,2026-02-14,False,False,False,False,False,False,False,False,False,False,ready_for_report,46608.6,46608.6,Water Cooler,Appliances,7400,SMB,Gold,2025-10-05,Ростов-на-Дону,Южный,9608.599999999999,2026-02,-0.15890892030596054,0.07148631106924996
ORD-1059,2026-03-21,C010,P001,R02,online,2,72441.85,0.0,repeat client,Online,2026-03-21,False,False,False,False,False,False,False,False,False,False,ready_for_report,144883.7,144883.7,Laptop Basic 14,Electronics,42000,B2B,Gold,2024-08-08,Санкт-Петербург,Северо-Западный,60883.70000000001,2026-03,0.8071719762040235,0.2243117422466028
ORD-1060,2026-03-31,C017,P004,R03,online,2,2757.57,0.07,,Online,2026-03-31,False,False,False,False,False,False,False,False,False,False,ready_for_report,5515.14,5129.0802,USB-C Hub,Accessories,1800,B2B,Bronze,2024-10-23,Казань,Приволжский,1529.0802000000003,2026-03,-0.5666680747121899,0.006982428616171361
ORD-1061,2026-01-04,C020,P006,R05,marketplace,1,37245.75,0.1,repeat client,marketplace,2026-01-04,False,False,False,False,False,False,False,False,False,False,ready_for_report,37245.75,33521.175,Standing Desk,Furniture,21500,B2B,Gold,2025-01-14,Новосибирск,Сибирский,12021.175000000003,2026-01,-0.2875631905840592,0.051134346343431655
ORD-1062,2026-03-17,C016,P013,R01,marketplace,2,378.56,0.0,promo,marketplace,2026-03-17,False,False,False,False,False,False,False,False,False,False,ready_for_report,757.12,757.12,Marker Set,Office Supplies,220,B2B,Bronze,2024-03-12,Москва,Центральный,317.12,2026-03,-0.6096460745262015,0.0001836901498128846
ORD-1063,2026-02-14,C035,P004,R04,marketplace,5,2966.6,0.0,promo,marketplace,2026-02-14,False,False,False,False,False,False,False,False,False,False,ready_for_report,14833.0,14833.0,USB-C Hub,Accessories,1800,B2C,Silver,2024-06-05,Екатеринбург,Уральский,5833.0,2026-02,-0.47127492283501055,0.022072779351458852
ORD-1064,2026-02-23,C032,P003,R01,retail,3,976.94,0.0,promo,retail,2026-02-23,False,False,False,False,False,False,False,False,False,False,ready_for_report,2930.82,2930.82,Wireless Mouse,Accessories,650,Enterprise,Platinum,2025-08-20,Москва,Центральный,980.8200000000002,2026-02,-0.5882777925835349,0.0035639628714912333
ORD-1065,2026-03-08,C018,P015,R05,marketplace,4,14272.52,0.03,repeat client,MarketPlace,2026-03-08,False,False,False,False,False,False,False,False,False,False,ready_for_report,57090.08,55377.3776,Coffee Machine,Appliances,8900,B2B,Platinum,2024-04-13,Новосибирск,Сибирский,19777.3776,2026-03,-0.07270856512845714,0.08512244288309002
ORD-1066,2026-02-04,C021,P015,R02,marketplace,6,13063.31,0.1,,MarketPlace,2026-02-04,False,False,False,False,False,False,False,False,False,False,ready_for_report,78379.86,70541.874,Coffee Machine,Appliances,8900,B2B,Gold,2025-11-17,Санкт-Петербург,Северо-Западный,17141.873999999996,2026-02,0.07636409190505816,0.10870441533508869
ORD-1067,2026-03-14,C040,P009,R06,retail,2,2028.98,0.07,promo,retail,2026-03-14,False,False,False,False,False,False,False,False,False,False,ready_for_report,4057.96,3773.9028,Keyboard Compact,Accessories,1200,SMB,Gold,2024-04-24,Ростов-на-Дону,Южный,1373.9027999999998,2026-03,-0.5799899741304766,0.004875022259151078
ORD-1068,2026-03-04,C014,P001,R03,marketplace,3,62880.44,0.03,promo,MarketPlace,2026-03-04,False,False,False,False,False,False,False,False,False,False,ready_for_report,188641.32,182982.0804,Laptop Basic 14,Electronics,42000,B2C,Bronze,2025-01-22,Казань,Приволжский,56982.080400000006,2026-03,1.1816932689059427,0.2835576897123272
ORD-1069,2026-02-05,C036,P011,R01,retail,5,3613.56,0.15,regular order,Retail ,2026-02-05,False,False,False,False,False,False,False,False,False,False,ready_for_report,18067.8,15357.63,Webcam HD,Electronics,2600,Enterprise,Bronze,2025-09-02,Москва,Центральный,2357.629999999999,2026-02,-0.46611761421119813,0.02288861984369518
ORD-1070,2026-03-13,C016,P003,R06,retail,4,890.94,0.07,repeat client,retail,2026-03-13,False,False,False,False,False,False,False,False,False,False,ready_for_report,3563.76,3314.2968,Wireless Mouse,Accessories,650,B2B,Bronze,2024-03-12,Ростов-на-Дону,Южный,714.2968000000001,2026-03,-0.5845080725757732,0.0041602991490072225
ORD-1071,2026-01-29,C026,P015,R06,online,1,14653.55,0.05,promo,Online,2026-01-29,False,False,False,False,False,False,False,False,False,False,ready_for_report,14653.55,13920.8725,Coffee Machine,Appliances,8900,B2C,Platinum,2024-11-19,Ростов-на-Дону,Южный,5020.8724999999995,2026-01,-0.480241476447588,0.02065435008019664
ORD-1072,2026-02-24,C036,P012,R03,online,5,267.59,0.05,repeat client, ONLINE ,2026-02-24,False,False,False,False,False,False,False,False,False,False,ready_for_report,1337.9499999999998,1271.0524999999998,Notebook Pack,Office Supplies,180,Enterprise,Bronze,2025-09-02,Казань,Приволжский,371.0524999999998,2026-02,-0.6045939263183073,0.000982895196753105
ORD-1073,2026-01-25,C021,P009,R01,marketplace,2,1683.97,0.0,regular order,marketplace,2026-01-25,False,False,False,False,False,False,False,False,False,False,ready_for_report,3367.94,3367.94,Keyboard Compact,Accessories,1200,B2B,Gold,2025-11-17,Москва,Центральный,967.94,2026-01,-0.5839807399070944,0.004243718501108954
ORD-1074,2026-03-17,C034,P007,R05,online,4,13310.28,0.05,, ONLINE ,2026-03-17,False,False,False,False,False,False,False,False,False,False,ready_for_report,53241.12,50579.064,Monitor 24,Electronics,9800,Enterprise,Bronze,2024-04-03,Новосибирск,Сибирский,11379.063999999998,2026-03,-0.1198777779242116,0.07766069168828935
ORD-1075,2026-02-08,C001,P007,R06,retail,3,13701.61,0.03,regular order,Retail ,2026-02-08,False,False,False,False,False,False,False,False,False,False,ready_for_report,41104.83,39871.6851,Monitor 24,Electronics,9800,B2C,Gold,2024-01-26,Ростов-на-Дону,Южный,10471.685100000002,2026-02,-0.22513530711506546,0.061009883933611
ORD-1076,2026-02-07,C009,P009,R06,marketplace,1,1527.31,0.1,repeat client,MarketPlace,2026-02-07,False,False,False,False,False,False,False,False,False,False,ready_for_report,1527.31,1374.579,Keyboard Compact,Accessories,1200,Enterprise,Gold,2024-12-14,Ростов-на-Дону,Южный,174.57899999999995,2026-02,-0.6035762222006565,0.0011438869637498544
ORD-1077,2026-03-02,C031,P004,R04,online,5,3035.45,0.05,regular order, ONLINE ,2026-03-02,False,False,False,False,False,False,False,False,False,False,ready_for_report,15177.25,14418.387499999999,USB-C Hub,Accessories,1800,B2B,Gold,2025-07-28,Екатеринбург,Уральский,5418.387499999999,2026-03,-0.4753507183895737,0.02142802463654103
ORD-1078,2026-01-09,C026,P002,R04,online,4,94960.5,0.0,,online,2026-01-09,False,False,False,False,False,False,False,False,False,False,ready_for_report,379842.0,379842.0,Laptop Pro 15,Electronics,69000,B2C,Platinum,2024-11-19,Екатеринбург,Уральский,103842.0,2026-01,3.1168997211410603,0.5896901901565803
ORD-1079,2026-01-11,C016,P005,R01,retail,5,9669.57,0.05,repeat client,Retail ,2026-01-11,False,False,False,False,False,False,False,False,False,False,ready_for_report,48347.85,45930.4575,Office Chair,Furniture,7300,B2B,Bronze,2024-03-12,Москва,Центральный,9430.457499999997,2026-01,-0.1655753140757102,0.07043174668862671
ORD-1080,2026-02-26,C020,P008,R05,retail,4,23748.78,0.07,promo,retail,2026-02-26,False,False,False,False,False,False,False,False,False,False,ready_for_report,94995.12,88345.4616,Monitor 27,Electronics,14500,B2B,Gold,2025-01-14,Новосибирск,Сибирский,30345.461599999995,2026-02,0.25138000000082233,0.1363903800552851
ORD-1081,2026-01-27,C014,P002,R03,marketplace,6,107282.27,0.0,,marketplace,2026-01-27,False,False,False,False,False,False,False,False,False,False,ready_for_report,643693.62,643693.62,Laptop Pro 15,Electronics,69000,B2C,Bronze,2025-01-22,Казань,Приволжский,229693.62,2026-01,5.710659580914406,1.0
ORD-1082,2026-01-21,C001,P006,R04,retail,5,29453.55,0.0,repeat client,retail,2026-01-21,False,False,False,False,False,False,False,False,False,False,ready_for_report,147267.75,147267.75,Standing Desk,Furniture,21500,B2C,Gold,2024-01-26,Екатеринбург,Уральский,39767.75,2026-01,0.8306080771220039,0.22801912559394477
ORD-1083,2026-02-06,C030,P010,R01,marketplace,3,3925.59,0.15,regular order,marketplace,2026-02-06,False,False,False,False,False,False,False,False,False,False,ready_for_report,11776.77,10010.254500000001,Noise Cancelling Headset,Accessories,3100,B2B,Silver,2024-09-28,Москва,Центральный,710.2545000000009,2026-02,-0.5186843103225786,0.0145730346501445
ORD-1084,2026-03-26,C013,P009,R04,online,6,1972.7,0.1,regular order,online,2026-03-26,False,False,False,False,False,False,False,False,False,False,ready_for_report,11836.2,10652.580000000002,Keyboard Compact,Accessories,1200,SMB,Platinum,2024-02-14,Екатеринбург,Уральский,3452.5800000000017,2026-03,-0.5123700110250838,0.015571900807428582
ORD-1085,2026-01-08,C011,P005,R03,retail,2,12440.7,0.0,promo,Retail ,2026-01-08,False,False,False,False,False,False,False,False,False,False,ready_for_report,24881.4,24881.4,Office Chair,Furniture,7300,B2C,Platinum,2024-04-04,Казань,Приволжский,10281.400000000001,2026-01,-0.3724954020765384,0.03769882361539257
ORD-1086,2026-03-31,C026,P015,R03,retail,6,11678.37,0.05,repeat client,Retail ,2026-03-31,False,False,False,False,False,False,False,False,False,False,ready_for_report,70070.22,66566.709,Coffee Machine,Appliances,8900,B2C,Platinum,2024-11-19,Казань,Приволжский,13166.709000000003,2026-03,0.03728673693950633,0.10252272429507835
ORD-1087,2026-02-11,C039,P015,R03,online,1,11482.97,0.07,,online,2026-02-11,False,False,False,False,False,False,False,False,False,False,ready_for_report,11482.97,10679.1621,Coffee Machine,Appliances,8900,B2C,Gold,2025-11-29,Казань,Приволжский,1779.1620999999996,2026-02,-0.5121086990650947,0.015613238042334464
ORD-1088,2026-01-03,C018,P008,R05,online,5,25098.86,0.1,regular order,online,2026-01-03,False,False,False,False,False,False,False,False,False,False,ready_for_report,125494.3,112944.87000000001,Monitor 27,Electronics,14500,B2B,Platinum,2024-04-13,Новосибирск,Сибирский,40444.87000000001,2026-01,0.4932013618787267,0.1746443751714213
ORD-1089,2026-01-24,C038,P016,R04,marketplace,4,11170.17,0.05,repeat client,marketplace,2026-01-24,False,False,False,False,False,False,False,False,False,False,ready_for_report,44680.68,42446.646,Water Cooler,Appliances,7400,SMB,Bronze,2025-07-20,Екатеринбург,Уральский,12846.646,2026-01,-0.1998224808269197,0.06501414859279044
ORD-1090,2026-02-11,C007,P003,R02,online,4,965.25,0.05,repeat client, ONLINE ,2026-02-11,False,False,False,False,False,False,False,False,False,False,ready_for_report,3861.0,3667.95,Wireless Mouse,Accessories,650,Enterprise,Platinum,2024-08-13,Санкт-Петербург,Северо-Западный,1067.9499999999998,2026-02,-0.5810315296823075,0.004710257406767841
ORD-1091,2026-01-05,C030,P016,R01,online,4,10316.41,0.1,promo, ONLINE ,2026-01-05,False,False,False,False,False,False,False,False,False,False,ready_for_report,41265.64,37139.076,Water Cooler,Appliances,7400,B2B,Silver,2024-09-28,Москва,Центральный,7539.076000000001,2026-01,-0.2519978740230548,0.056760464050582056
ORD-1092,2026-01-01,C035,P011,R04,retail,4,3400.7,0.1,,retail,2026-01-01,False,False,False,False,False,False,False,False,False,False,ready_for_report,13602.8,12242.52,Webcam HD,Electronics,2600,B2C,Silver,2024-06-05,Екатеринбург,Уральский,1842.5200000000004,2026-01,-0.49674030766586985,0.01804438128362367
ORD-1093,2026-03-22,C029,P007,R01,online,5,14790.35,0.07,promo,Online,2026-03-22,False,False,False,False,False,False,False,False,False,False,ready_for_report,73951.75,68775.1275,Monitor 24,Electronics,9800,Enterprise,Platinum,2025-10-20,Москва,Центральный,19775.127500000002,2026-03,0.0589963146896102,0.10595698698707808
ORD-1094,2026-03-04,C008,P005,R01,marketplace,4,12511.01,0.15,regular order,marketplace,2026-03-04,False,False,False,False,False,False,False,False,False,False,ready_for_report,50044.04,42537.434,Office Chair,Furniture,7300,SMB,Silver,2024-01-07,Москва,Центральный,13337.434000000001,2026-03,-0.1989300009166235,0.06515533100060003
ORD-1095,2026-02-22,C006,P006,R02,marketplace,1,30215.56,0.1,,MarketPlace,2026-02-22,False,False,False,False,False,False,False,False,False,False,ready_for_report,30215.56,27194.004,Standing Desk,Furniture,21500,B2C,Silver,2025-07-28,Санкт-Петербург,Северо-Западный,5694.004000000001,2026-02,-0.3497616419929305,0.041295102870691935
ORD-1096,2026-03-05,C019,P015,R05,marketplace,6,15339.42,0.03,promo,marketplace,2026-03-05,False,False,False,False,False,False,False,False,False,False,ready_for_report,92036.52,89275.4244,Coffee Machine,Appliances,8900,SMB,Gold,2025-04-09,Новосибирск,Сибирский,35875.4244,2026-03,0.26052188126621856,0.1378365446065183
ORD-1097,2026-02-28,C036,P014,R02,retail,4,19341.4,0.03,regular order,retail,2026-02-28,False,False,False,False,False,False,False,False,False,False,ready_for_report,77365.6,75044.632,Printer A4,Electronics,11600,Enterprise,Bronze,2025-09-02,Санкт-Петербург,Северо-Западный,28644.631999999998,2026-02,0.12062788288982952,0.11570655456300376
ORD-1098,2026-02-13,C033,P005,R03,marketplace,3,12278.7,0.07,,MarketPlace,2026-02-13,False,False,False,False,False,False,False,False,False,False,ready_for_report,36836.100000000006,34257.573000000004,Office Chair,Furniture,7300,SMB,Silver,2024-08-12,Казань,Приволжский,12357.573000000004,2026-02,-0.28032412351591923,0.05227950256172236
ORD-1099,2026-03-26,C032,P010,R02,retail,5,5000.38,0.1,repeat client,retail,2026-03-26,False,False,False,False,False,False,False,False,False,False,ready_for_report,25001.9,22501.710000000003,Noise Cancelling Headset,Accessories,3100,Enterprise,Platinum,2025-08-20,Санкт-Петербург,Северо-Западный,7001.710000000003,2026-03,-0.3958886425679329,0.03399822040747485
ORD-1100,2026-02-28,C021,P012,R02,marketplace,5,254.92,0.07,regular order,marketplace,2026-02-28,False,False,False,False,False,False,False,False,False,False,ready_for_report,1274.6,1185.378,Notebook Pack,Office Supplies,180,B2B,Gold,2025-11-17,Санкт-Петербург,Северо-Западный,285.37799999999993,2026-02,-0.6054361386159091,0.0008496646795274386
ORD-1101,2026-02-10,C031,P013,R06,marketplace,4,300.69,0.0,repeat client,MarketPlace,2026-02-10,False,False,False,False,False,False,False,False,False,False,ready_for_report,1202.76,1202.76,Marker Set,Office Supplies,220,B2B,Gold,2025-07-28,Ростов-на-Дону,Южный,322.76,2026-02,-0.6052652670712031,0.0008766950427092085
ORD-1102,2026-03-05,C003,P013,R02,retail,6,383.73,0.03,promo,Retail ,2026-03-05,False,False,False,False,False,False,False,False,False,False,ready_for_report,2302.38,2233.3086,Marker Set,Office Supplies,220,B2C,Bronze,2025-11-23,Санкт-Петербург,Северо-Западный,913.3085999999998,2026-03,-0.5951345898662437,0.00247927834350684
ORD-1103,2026-03-09,C030,P004,R01,marketplace,4,3036.77,0.0,regular order,marketplace,2026-03-09,False,False,False,False,False,False,False,False,False,False,ready_for_report,12147.08,12147.08,USB-C Hub,Accessories,1800,B2B,Silver,2024-09-28,Москва,Центральный,4947.08,2026-03,-0.4976785184716886,0.017895964653657722
ORD-1104,2026-03-02,C017,P014,R03,retail,2,19551.41,0.0,repeat client,Retail ,2026-03-02,False,False,False,False,False,False,False,False,False,False,ready_for_report,39102.82,39102.82,Printer A4,Electronics,11600,B2B,Bronze,2024-10-23,Казань,Приволжский,15902.82,2026-03,-0.2326935378887125,0.05981423884726951
ORD-1105,2026-02-18,C021,P003,R06,marketplace,6,1089.32,0.1,repeat client,marketplace,2026-02-18,False,False,False,False,False,False,False,False,False,False,ready_for_report,6535.92,5882.328,Wireless Mouse,Accessories,650,B2B,Gold,2025-11-17,Ростов-на-Дону,Южный,1982.3280000000004,2026-02,-0.5592633678238919,0.008153787585212272
ORD-1106,2026-03-29,C019,P002,R02,marketplace,2,107552.35,0.15,,marketplace,2026-03-29,False,False,False,False,False,False,False,False,False,False,ready_for_report,215104.7,182838.995,Laptop Pro 15,Electronics,69000,SMB,Gold,2025-04-09,Санкт-Петербург,Северо-Западный,44838.994999999995,2026-03,1.1802866860430457,0.2833351807761858
ORD-1107,2026-01-13,C029,P014,R02,marketplace,6,20174.36,0.15,promo,marketplace,2026-01-13,False,False,False,False,False,False,False,False,False,False,ready_for_report,121046.16,102889.236,Printer A4,Electronics,11600,Enterprise,Platinum,2025-10-20,Санкт-Петербург,Северо-Западный,33289.236000000004,2026-01,0.39435072820146483,0.15900708147432355
ORD-1108,2026-02-15,C024,P001,R04,online,1,53465.81,0.05,regular order,Online,2026-02-15,False,False,False,False,False,False,False,False,False,False,ready_for_report,53465.81,50792.519499999995,Laptop Basic 14,Electronics,42000,Enterprise,Silver,2024-10-03,Екатеринбург,Уральский,8792.519499999995,2026-02,-0.11777943072532823,0.07799263160821492
ORD-1109,2026-01-23,C006,P014,R05,marketplace,2,17782.38,0.03,repeat client,MarketPlace,2026-01-23,False,False,False,False,False,False,False,False,False,False,ready_for_report,35564.76,34497.8172,Printer A4,Electronics,11600,B2C,Silver,2025-07-28,Новосибирск,Сибирский,11297.817199999998,2026-01,-0.2779624334019706,0.05265310099563753
ORD-1110,2026-01-30,C030,P008,R06,online,5,21733.09,0.03,repeat client, ONLINE ,2026-01-30,False,False,False,False,False,False,False,False,False,False,ready_for_report,108665.45,105405.4865,Monitor 27,Electronics,14500,B2B,Silver,2024-09-28,Ростов-на-Дону,Южный,32905.4865,2026-01,0.41908640935451064,0.16292004689092174
ORD-1111,2026-03-28,C035,P009,R02,online,4,1900.1,0.05,repeat client,online,2026-03-28,False,False,False,False,False,False,False,False,False,False,ready_for_report,7600.4,7220.379999999999,Keyboard Compact,Accessories,1200,B2C,Silver,2024-06-05,Санкт-Петербург,Северо-Западный,2420.379999999999,2026-03,-0.5461098174765814,0.01023456261202699
ORD-1112,2026-02-24,C017,P012,R04,marketplace,3,313.89,0.15,promo,MarketPlace,2026-02-24,False,False,False,False,False,False,False,False,False,False,ready_for_report,941.67,800.4195,Notebook Pack,Office Supplies,180,B2B,Bronze,2024-10-23,Екатеринбург,Уральский,260.41949999999997,2026-02,-0.6092204242874488,0.00025102424316169605
ORD-1113,2026-01-31,C025,P007,R05,online,4,17146.93,0.0,promo, ONLINE ,2026-01-31,False,False,False,False,False,False,False,False,False,False,ready_for_report,68587.72,68587.72,Monitor 24,Electronics,9800,SMB,Silver,2024-02-27,Новосибирск,Сибирский,29387.72,2026-01,0.05715402904845903,0.10566555373497892
ORD-1114,2026-02-05,C001,P010,R05,marketplace,6,3909.01,0.07,,MarketPlace,2026-02-05,False,False,False,False,False,False,False,False,False,False,ready_for_report,23454.06,21812.2758,Noise Cancelling Headset,Accessories,3100,B2C,Gold,2024-01-26,Новосибирск,Сибирский,3212.2757999999994,2026-02,-0.4026660379612792,0.03292609655429725
ORD-1115,2026-03-19,C023,P016,R02,marketplace,3,12331.5,0.03,regular order,marketplace,2026-03-19,False,False,False,False,False,False,False,False,False,False,ready_for_report,36994.5,35884.665,Water Cooler,Appliances,7400,B2B,Platinum,2024-06-16,Санкт-Петербург,Северо-Западный,13684.665,2026-03,-0.26432920213640176,0.054809757290185834
ORD-1116,2026-03-29,C009,P009,R06,online,6,1906.66,0.15,,online,2026-03-29,False,False,False,False,False,False,False,False,False,False,ready_for_report,11439.960000000001,9723.966,Keyboard Compact,Accessories,1200,Enterprise,Gold,2024-12-14,Ростов-на-Дону,Южный,2523.9660000000003,2026-03,-0.5214986330832829,0.014127833745198916
ORD-1117,2026-02-16,C009,P010,R01,online,1,5097.35,0.1,promo, ONLINE ,2026-02-16,False,False,False,False,False,False,False,False,False,False,ready_for_report,5097.35,4587.615000000001,Noise Cancelling Headset,Accessories,3100,Enterprise,Gold,2024-12-14,Москва,Центральный,1487.6150000000007,2026-02,-0.5719908796327136,0.006140408077321423
ORD-1118,2026-02-16,C034,P014,R05,online,2,15518.71,0.1,regular order, ONLINE ,2026-02-16,False,False,False,False,False,False,False,False,False,False,ready_for_report,31037.42,27933.678,Printer A4,Electronics,11600,Enterprise,Bronze,2024-04-03,Новосибирск,Сибирский,4733.678,2026-02,-0.34249037062261267,0.042445353524017924
ORD-1119,2026-02-13,C008,P009,R04,online,4,2048.43,0.05,regular order,online,2026-02-13,False,False,False,False,False,False,False,False,False,False,ready_for_report,8193.72,7784.033999999999,Keyboard Compact,Accessories,1200,SMB,Silver,2024-01-07,Екатеринбург,Уральский,2984.0339999999987,2026-02,-0.5405688883740779,0.011111088462266163
ORD-1120,2026-02-20,C036,P008,R03,online,6,24361.02,0.15,repeat client,online,2026-02-20,False,False,False,False,False,False,False,False,False,False,ready_for_report,146166.12,124241.20199999999,Monitor 27,Electronics,14500,Enterprise,Bronze,2025-09-02,Казань,Приволжский,37241.20199999999,2026-02,0.6042485197634239,0.19221105084636364
ORD-1121,2026-02-17,C017,P001,R05,retail,1,58053.63,0.07,promo,retail,2026-02-17,False,False,False,False,False,False,False,False,False,False,ready_for_report,58053.63,53989.87589999999,Laptop Basic 14,Electronics,42000,B2B,Bronze,2024-10-23,Новосибирск,Сибирский,11989.875899999992,2026-02,-0.08634822447497659,0.08296476972313586
ORD-1122,2026-03-21,C036,P004,R03,retail,4,2857.35,0.0,regular order,Retail ,2026-03-21,False,False,False,False,False,False,False,False,False,False,ready_for_report,11429.4,11429.4,USB-C Hub,Accessories,1800,Enterprise,Bronze,2025-09-02,Казань,Приволжский,4229.4,2026-03,-0.5047335806167007,0.01677991638255586
ORD-1123,2026-02-08,C027,P003,R01,online,4,1019.01,0.15,,Online,2026-02-08,False,False,False,False,False,False,False,False,False,False,ready_for_report,4076.04,3464.634,Wireless Mouse,Accessories,650,SMB,Silver,2024-03-08,Москва,Центральный,864.634,2026-02,-0.5830302018134458,0.0043940851986983024
ORD-1124,2026-01-13,C016,P002,R05,online,4,96750.58,0.0,repeat client,Online,2026-01-13,False,False,False,False,False,False,False,False,False,False,ready_for_report,387002.32,387002.32,Laptop Pro 15,Electronics,69000,B2B,Bronze,2024-03-12,Новосибирск,Сибирский,111002.32,2026-01,3.1872883380429844,0.6008250451846375
ORD-1125,2026-03-11,C027,P015,R05,marketplace,6,12776.0,0.15,regular order,marketplace,2026-03-11,False,False,False,False,False,False,False,False,False,False,ready_for_report,76656.0,65157.6,Coffee Machine,Appliances,8900,SMB,Silver,2024-03-08,Новосибирск,Сибирский,11757.599999999999,2026-03,0.023434669772947444,0.1003314501015045
ORD-1126,2026-02-22,C018,P014,R01,marketplace,4,18298.55,0.1,promo,marketplace,2026-02-22,False,False,False,False,False,False,False,False,False,False,ready_for_report,73194.2,65874.78,Printer A4,Electronics,11600,B2B,Platinum,2024-04-13,Москва,Центральный,19474.78,2026-02,0.03048481673142452,0.10144672083368156
ORD-1127,2026-01-13,C024,P007,R05,marketplace,2,14422.58,0.05,promo,marketplace,2026-01-13,False,False,False,False,False,False,False,False,False,False,ready_for_report,28845.16,27402.902,Monitor 24,Electronics,9800,Enterprise,Silver,2024-10-03,Новосибирск,Сибирский,7802.901999999998,2026-01,-0.3477080967193145,0.041619955523317945
ORD-1128,2026-02-28,C006,P002,R06,online,2,99985.82,0.0,,Online,2026-02-28,False,False,False,False,False,False,False,False,False,False,ready_for_report,199971.64,199971.64,Laptop Pro 15,Electronics,69000,B2C,Silver,2025-07-28,Ростов-на-Дону,Южный,61971.640000000014,2026-02,1.3487069780721284,0.3099777775207683
ORD-1129,2026-03-14,C014,P002,R01,marketplace,2,113394.41,0.03,regular order,MarketPlace,2026-03-14,False,False,False,False,False,False,False,False,False,False,ready_for_report,226788.82,219985.1554,Laptop Pro 15,Electronics,69000,B2C,Bronze,2025-01-22,Москва,Центральный,81985.15539999999,2026-03,1.545447300900071,0.3411003520119628
ORD-1130,2026-01-19,C039,P007,R01,online,2,16233.96,0.05,regular order, ONLINE ,2026-01-19,False,False,False,False,False,False,False,False,False,False,ready_for_report,32467.92,30844.523999999998,Monitor 24,Electronics,9800,B2C,Gold,2025-11-29,Москва,Центральный,11244.523999999998,2026-01,-0.31387566849274967,0.04697194566221847
ORD-1131,2026-03-26,C002,P005,R02,online,2,11096.79,0.0,promo,online,2026-03-26,False,False,False,False,False,False,False,False,False,False,ready_for_report,22193.58,22193.58,Office Chair,Furniture,7300,B2B,Silver,2024-08-16,Санкт-Петербург,Северо-Западный,7593.580000000002,2026-03,-0.3989176754220498,0.0335190542696772
ORD-1132,2026-02-03,C004,P008,R02,marketplace,1,22394.18,0.03,repeat client,marketplace,2026-02-03,False,False,False,False,False,False,False,False,False,False,ready_for_report,22394.18,21722.3546,Monitor 27,Electronics,14500,Enterprise,Bronze,2024-02-02,Санкт-Петербург,Северо-Западный,7222.354599999999,2026-02,-0.4035499969041982,0.03278626208796768
ORD-1133,2026-02-16,C033,P004,R05,online,4,2921.1,0.07,repeat client,online,2026-02-16,False,False,False,False,False,False,False,False,False,False,ready_for_report,11684.4,10866.491999999998,USB-C Hub,Accessories,1800,SMB,Silver,2024-08-12,Новосибирск,Сибирский,3666.4919999999984,2026-02,-0.5102671762608939,0.01590455062039249
ORD-1134,2026-03-26,C034,P008,R03,retail,1,24979.26,0.15,,retail,2026-03-26,False,False,False,False,False,False,False,False,False,False,ready_for_report,24979.26,21232.371,Monitor 27,Electronics,14500,Enterprise,Bronze,2024-04-03,Казань,Приволжский,6732.370999999999,2026-03,-0.4083667184904717,0.03202429944493978
ORD-1135,2026-03-29,C007,P002,R04,marketplace,4,120701.24,0.07,repeat client,marketplace,2026-03-29,False,False,False,False,False,False,False,False,False,False,ready_for_report,482804.96,449008.6128,Laptop Pro 15,Electronics,69000,Enterprise,Platinum,2024-08-13,Екатеринбург,Уральский,173008.6128,2026-03,3.796833328966266,0.6972496576538101
ORD-1136,2026-01-19,C005,P003,R02,online,3,1104.76,0.1,promo, ONLINE ,2026-01-19,False,False,False,False,False,False,False,False,False,False,ready_for_report,3314.2799999999997,2982.852,Wireless Mouse,Accessories,650,B2C,Silver,2024-08-11,Санкт-Петербург,Северо-Западный,1032.8519999999999,2026-01,-0.5877662986119468,0.0036448766821616883
ORD-1137,2026-02-28,C033,P013,R05,retail,5,384.41,0.05,,retail,2026-02-28,False,False,False,False,False,False,False,False,False,False,ready_for_report,1922.0500000000002,1825.9475,Marker Set,Office Supplies,220,SMB,Silver,2024-08-12,Новосибирск,Сибирский,725.9475,2026-02,-0.5991391014535256,0.0018458001201076195
ORD-1138,2026-01-28,C028,P004,R04,online,6,3017.51,0.1,repeat client,Online,2026-01-28,False,False,False,False,False,False,False,False,False,False,ready_for_report,18105.06,16294.554000000002,USB-C Hub,Accessories,1800,SMB,Platinum,2024-08-05,Екатеринбург,Уральский,5494.554000000002,2026-01,-0.4569073017527857,0.024345609602855034
ORD-1139,2026-01-13,C021,P011,R04,online,4,4325.64,0.07,promo, ONLINE ,2026-01-13,False,False,False,False,False,False,False,False,False,False,ready_for_report,17302.56,16091.3808,Webcam HD,Electronics,2600,B2B,Gold,2025-11-17,Екатеринбург,Уральский,5691.380800000001,2026-01,-0.4589045701066496,0.024029659459902417
ORD-1140,2026-01-09,C006,P012,R01,online,6,310.82,0.07,repeat client,online,2026-01-09,False,False,False,False,False,False,False,False,False,False,ready_for_report,1864.92,1734.3755999999998,Notebook Pack,Office Supplies,180,B2C,Silver,2025-07-28,Москва,Центральный,654.3755999999998,2026-01,-0.6000392873932715,0.0017033986867717138
ORD-1141,2026-03-13,C004,P004,R05,retail,3,2920.13,0.03,promo,Retail ,2026-03-13,False,False,False,False,False,False,False,False,False,False,ready_for_report,8760.39,8497.5783,USB-C Hub,Accessories,1800,Enterprise,Bronze,2024-02-02,Новосибирск,Сибирский,3097.578299999999,2026-03,-0.533554481702972,0.01222070539790543
ORD-1142,2026-01-07,C019,P004,R05,online,6,2619.73,0.07,promo, ONLINE ,2026-01-07,False,False,False,False,False,False,False,False,False,False,ready_for_report,15718.380000000001,14618.0934,USB-C Hub,Accessories,1800,SMB,Gold,2025-04-09,Новосибирск,Сибирский,3818.0933999999997,2026-01,-0.47338753488825613,0.021738582858065722
ORD-1143,2026-03-26,C031,P004,R02,marketplace,2,2770.13,0.03,,MarketPlace,2026-03-26,False,False,False,False,False,False,False,False,False,False,ready_for_report,5540.26,5374.0522,USB-C Hub,Accessories,1800,B2B,Gold,2025-07-28,Санкт-Петербург,Северо-Западный,1774.0522,2026-03,-0.56425990856044,0.007363379147143891
ORD-1144,2026-02-05,C037,P012,R02,marketplace,3,301.08,0.0,repeat client,MarketPlace,2026-02-05,False,False,False,False,False,False,False,False,False,False,ready_for_report,903.24,903.24,Notebook Pack,Office Supplies,180,Enterprise,Platinum,2025-01-25,Санкт-Петербург,Северо-Западный,363.24,2026-02,-0.6082096604131857,0.00041091812519662675
ORD-1145,2026-02-04,C002,P001,R02,online,6,65288.89,0.15,promo, ONLINE ,2026-02-04,False,False,False,False,False,False,False,False,False,False,ready_for_report,391733.33999999997,332973.339,Laptop Basic 14,Electronics,42000,B2B,Silver,2024-08-16,Санкт-Петербург,Северо-Западный,80973.33899999998,2026-02,2.656163298210912,0.5168057735950079
ORD-1146,2026-03-14,C026,P011,R01,online,2,3706.33,0.03,,Online,2026-03-14,False,False,False,False,False,False,False,False,False,False,ready_for_report,7412.66,7190.280199999999,Webcam HD,Electronics,2600,B2C,Platinum,2024-11-19,Москва,Центральный,1990.2801999999992,2026-03,-0.5464057097399194,0.010187755079769562
ORD-1147,2026-02-23,C030,P003,R03,online,2,1054.99,0.07,promo,Online,2026-02-23,False,False,False,False,False,False,False,False,False,False,ready_for_report,2109.98,1962.2813999999998,Wireless Mouse,Accessories,650,B2B,Silver,2024-09-28,Казань,Приволжский,662.2813999999998,2026-02,-0.597798888354412,0.002057809948147378
ORD-1148,2026-01-11,C004,P010,R02,online,5,4993.47,0.1,,Online,2026-01-11,False,False,False,False,False,False,False,False,False,False,ready_for_report,24967.350000000002,22470.615,Noise Cancelling Headset,Accessories,3100,Enterprise,Bronze,2024-02-02,Санкт-Петербург,Северо-Западный,6970.615000000002,2026-01,-0.3961943180185504,0.03394986526174149
ORD-1149,2026-03-04,C039,P003,R04,retail,6,900.93,0.07,promo,retail,2026-03-04,False,False,False,False,False,False,False,False,False,False,ready_for_report,5405.58,5027.189399999999,Wireless Mouse,Accessories,650,B2C,Gold,2025-11-29,Екатеринбург,Уральский,1127.1893999999993,2026-03,-0.5676696992886097,0.006823980490013203
ORD-1150,2026-02-25,C008,P007,R03,marketplace,1,15949.22,0.05,repeat client,marketplace,2026-02-25,False,False,False,False,False,False,False,False,False,False,ready_for_report,15949.22,15151.758999999998,Monitor 24,Electronics,9800,SMB,Silver,2024-01-07,Казань,Приволжский,5351.758999999998,2026-02,-0.4681414029455307,0.02256847441171991
