user_id,sessions_2026_01,minutes_2026_01,spend_2026_01,support_calls_2026_01,satisfaction_2026_01,sessions_2026_02,minutes_2026_02,spend_2026_02,support_calls_2026_02,satisfaction_2026_02,sessions_2026_03,minutes_2026_03,spend_2026_03,support_calls_2026_03,satisfaction_2026_03
U0001,27.0,1362.5,"824,48 ₽",1.0,"4,40",26.0,970.1,"648,26 ₽",1.0,"4,29",32.0,1304.9,"832,56 ₽",,"4,53"
U0002,27.0,1338.1,"531,94 ₽",0.0,"4,70",40.0,2068.3,"757,63 ₽",1.0,"4,28",44.0,2000.7,"825,81 ₽",2.0,"3,59"
U0003,20.0,758.6,"437,32 ₽",0.0,"5,00",20.0,742.3,"456,31 ₽",2.0,"4,58",27.0,1508.9,"617,55 ₽",3.0,"3,30"
U0004,19.0,818.6,"658,62 ₽",1.0,"4,71",20.0,587.9,"603,37 ₽",0.0,"4,82",17.0,517.8,"799,90 ₽",0.0,"4,31"
U0005,29.0,1009.1,"1 125,69 ₽",0.0,"4,06",35.0,1340.5,"1 136,26 ₽",0.0,"4,85",41.0,2206.1,"1 036,45 ₽",2.0,"4,13"
U0006,57.0,2627.1,"1 206,33 ₽",2.0,"3,95",63.0,2123.8,"1 029,56 ₽",0.0,"4,27",52.0,2820.1,"1 178,80 ₽",0.0,"4,47"
U0007,20.0,855.5,"726,04 ₽",2.0,"4,01",15.0,505.7,"651,18 ₽",1.0,"4,37",24.0,972.0,"735,72 ₽",3.0,"4,01"
U0008,38.0,1686.1,"885,64 ₽",1.0,"4,24",41.0,2232.4,"1 004,81 ₽",1.0,"4,43",44.0,1594.4,"766,19 ₽",2.0,"3,87"
U0009,19.0,761.3,"465,35 ₽",1.0,"4,40",23.0,804.8,"363,98 ₽",0.0,"4,75",32.0,987.1,"483,43 ₽",2.0,"4,41"
U0010,34.0,1116.3,"529,45 ₽",0.0,"5,00",38.0,1986.4,"820,49 ₽",1.0,"4,28",31.0,,"637,48 ₽",0.0,"4,01"
U0011,24.0,1320.2,"1 167,29 ₽",1.0,"4,61",26.0,1313.8,"1 029,67 ₽",3.0,"3,75",31.0,1225.5,"1 080,86 ₽",1.0,"4,21"
U0012,22.0,927.6,"566,48 ₽",0.0,"4,51",16.0,633.7,"327,29 ₽",0.0,"4,75",20.0,833.3,"477,31 ₽",1.0,"4,88"
U0013,33.0,1611.9,"733,05 ₽",1.0,"4,64",50.0,2672.5,"1 226,18 ₽",1.0,"4,40",44.0,2383.5,"1 048,42 ₽",1.0,"4,40"
U0014,23.0,699.8,"684,07 ₽",1.0,"4,96",33.0,1230.0,"606,56 ₽",0.0,"4,82",27.0,1146.9,"728,56 ₽",1.0,"4,11"
U0015,22.0,927.1,"702,18 ₽",1.0,"4,49",28.0,952.7,"757,56 ₽",0.0,"4,80",23.0,746.1,"778,92 ₽",0.0,"5,00"
U0016,27.0,859.7,"630,71 ₽",1.0,"4,00",29.0,1105.7,"673,98 ₽",1.0,"4,05",23.0,703.3,"655,76 ₽",0.0,"4,14"
U0017,35.0,1405.8,"650,88 ₽",1.0,"4,67",34.0,1848.5,"760,05 ₽",0.0,"4,88",35.0,1415.7,"584,38 ₽",4.0,"3,64"
U0018,28.0,1042.1,"691,94 ₽",0.0,"4,85",29.0,1213.4,"665,33 ₽",0.0,"4,75",32.0,1631.7,"794,44 ₽",3.0,"3,82"
U0019,9.0,504.7,"629,96 ₽",1.0,"4,35",5.0,331.5,"703,85 ₽",0.0,"4,99",9.0,358.9,"676,07 ₽",1.0,"3,92"
U0020,21.0,1081.3,"786,07 ₽",2.0,"4,56",18.0,1076.5,"561,88 ₽",0.0,"4,37",24.0,1181.5,"659,05 ₽",1.0,"3,96"
U0021,8.0,228.2,"402,69 ₽",0.0,"5,00",16.0,490.0,"445,22 ₽",0.0,"4,44",15.0,478.7,"437,34 ₽",1.0,"4,57"
U0022,61.0,3427.6,"1 540,99 ₽",1.0,"3,80",73.0,3041.4,"1 426,96 ₽",2.0,"3,94",76.0,2351.8,"1 120,97 ₽",1.0,"4,55"
U0023,28.0,1275.0,"786,24 ₽",1.0,"4,52",25.0,1410.6,"821,31 ₽",0.0,"5,00",32.0,1094.9,"688,79 ₽",0.0,"5,00"
U0024,36.0,1832.0,"775,77 ₽",1.0,"4,15",39.0,1851.9,"935,20 ₽",1.0,"4,17",,1512.8,"740,13 ₽",1.0,"4,17"
U0025,45.0,1911.7,"750,60 ₽",0.0,"4,45",56.0,2407.5,"821,49 ₽",0.0,"4,30",58.0,2815.0,"990,11 ₽",1.0,"3,55"
U0026,25.0,1284.7,"704,92 ₽",0.0,"5,00",31.0,1525.6,"836,50 ₽",1.0,"4,71",27.0,1235.5,"759,35 ₽",2.0,"3,48"
U0027,18.0,842.3,"783,51 ₽",0.0,"4,36",11.0,504.7,"617,62 ₽",1.0,"4,89",18.0,790.1,"665,67 ₽",0.0,"5,00"
U0028,25.0,1011.5,"1 727,69 ₽",0.0,"4,46",28.0,968.9,"1 721,91 ₽",1.0,"4,35",31.0,1606.2,"1 678,21 ₽",1.0,"4,79"
U0029,46.0,1831.2,"767,93 ₽",1.0,"4,81",45.0,1461.4,"706,55 ₽",0.0,"5,00",55.0,2701.8,"1 062,38 ₽",2.0,"3,79"
U0030,17.0,670.5,"614,66 ₽",1.0,"4,00",22.0,982.3,"697,81 ₽",0.0,"4,63",14.0,932.8,"678,08 ₽",2.0,"4,04"
U0031,24.0,933.0,"765,33 ₽",2.0,"3,42",28.0,1638.9,"925,40 ₽",0.0,"4,50",29.0,1206.0,"620,18 ₽",2.0,"3,35"
U0032,14.0,518.0,"345,47 ₽",,"5,00",19.0,532.8,"501,54 ₽",0.0,"4,43",20.0,696.0,"336,17 ₽",0.0,"4,28"
U0033,3.0,336.3,"470,16 ₽",1.0,"4,11",8.0,434.8,"408,59 ₽",1.0,"4,91",6.0,670.6,"374,20 ₽",0.0,"4,45"
U0034,17.0,870.4,"976,64 ₽",0.0,"5,00",21.0,175.2,"1 106,86 ₽",1.0,"4,75",30.0,1055.3,"1 187,59 ₽",2.0,"3,23"
U0035,17.0,614.2,"741,90 ₽",1.0,"4,37",17.0,545.1,"610,70 ₽",1.0,"3,66",15.0,481.9,"622,35 ₽",0.0,"4,90"
U0036,34.0,1473.7,"760,08 ₽",0.0,"4,71",33.0,1429.3,"842,44 ₽",2.0,"4,15",33.0,1246.4,"737,27 ₽",1.0,"4,35"
U0037,30.0,1013.7,"1 157,92 ₽",0.0,"4,87",43.0,2403.1,"1 130,45 ₽",2.0,"4,67",36.0,2100.3,"1 071,70 ₽",0.0,"4,45"
U0038,6.0,527.1,"334,56 ₽",1.0,"3,97",6.0,334.7,,0.0,"5,00",9.0,479.1,"319,63 ₽",0.0,"4,44"
U0039,24.0,1008.4,"1 080,96 ₽",3.0,"3,70",16.0,513.6,"1 079,53 ₽",1.0,"4,22",27.0,1359.9,"1 104,19 ₽",2.0,"4,01"
U0040,31.0,1483.0,"844,24 ₽",2.0,"4,06",41.0,1530.1,"827,52 ₽",0.0,"4,96",37.0,1602.2,"786,25 ₽",0.0,"4,44"
U0041,19.0,1156.3,,0.0,"4,51",15.0,340.4,"671,15 ₽",0.0,"5,00",26.0,953.0,"740,17 ₽",0.0,"5,00"
U0042,11.0,519.9,"487,13 ₽",1.0,"4,21",21.0,939.7,"483,90 ₽",1.0,"4,28",11.0,253.2,"393,83 ₽",1.0,"4,45"
U0043,34.0,1178.0,"1 079,30 ₽",3.0,"3,90",28.0,1038.2,"1 087,25 ₽",1.0,"4,92",31.0,1498.4,"1 048,27 ₽",1.0,"4,18"
U0044,23.0,1262.8,"525,30 ₽",1.0,"4,37",25.0,1212.7,"484,41 ₽",0.0,"4,72",24.0,974.9,"459,50 ₽",1.0,"4,22"
U0045,27.0,1230.7,"687,44 ₽",2.0,"3,99",44.0,1474.2,"817,53 ₽",1.0,"4,90",39.0,1789.5,"819,38 ₽",0.0,"4,77"
U0046,28.0,882.8,"493,75 ₽",2.0,"4,29",39.0,1771.0,"699,69 ₽",1.0,"3,54",34.0,1318.1,"626,16 ₽",3.0,"4,03"
U0047,30.0,1056.3,"1 144,69 ₽",0.0,"4,83",,1532.7,"1 177,65 ₽",0.0,"4,61",22.0,870.5,"1 140,42 ₽",0.0,"4,81"
U0048,35.0,958.8,"1 796,57 ₽",1.0,"4,70",34.0,1838.7,"1 773,77 ₽",0.0,"4,70",35.0,950.8,"1 745,02 ₽",0.0,"4,75"
U0049,3.0,141.9,"646,42 ₽",0.0,"4,54",17.0,831.4,"721,07 ₽",0.0,"4,57",18.0,550.9,"721,72 ₽",1.0,"4,31"
U0050,36.0,1396.2,"1 092,42 ₽",1.0,"4,56",30.0,919.6,"1 179,11 ₽",1.0,"4,51",38.0,1650.7,"1 114,67 ₽",2.0,"4,17"
U0051,25.0,719.3,"500,47 ₽",2.0,"3,96",28.0,1126.7,"503,43 ₽",0.0,,30.0,915.6,"476,13 ₽",0.0,"4,93"
U0052,8.0,252.3,"985,22 ₽",0.0,"4,77",14.0,778.0,"1 092,73 ₽",0.0,"4,40",9.0,444.2,"1 170,94 ₽",0.0,"5,00"
U0053,26.0,1231.5,"731,50 ₽",1.0,"3,82",26.0,773.0,"647,03 ₽",0.0,"4,80",27.0,1386.2,"775,18 ₽",0.0,"4,62"
U0054,44.0,2150.4,"1 144,82 ₽",2.0,"3,87",42.0,1232.0,"1 186,75 ₽",0.0,"4,43",46.0,2221.1,"1 099,49 ₽",1.0,"4,34"
U0055,11.0,375.8,"583,96 ₽",0.0,"4,80",17.0,607.5,"737,12 ₽",1.0,"3,73",26.0,,"703,17 ₽",0.0,"5,00"
U0056,25.0,1213.6,"1 161,69 ₽",0.0,"4,48",31.0,1101.4,"1 094,77 ₽",0.0,"4,69",32.0,1304.1,"1 106,59 ₽",2.0,"4,14"
U0057,19.0,858.0,"619,20 ₽",1.0,"5,00",16.0,861.8,"770,10 ₽",1.0,"4,86",12.0,303.9,"655,52 ₽",1.0,"4,53"
U0058,62.0,2555.1,"1 057,83 ₽",3.0,"3,67",67.0,1730.4,"939,93 ₽",1.0,"4,36",76.0,2456.9,"1 083,83 ₽",,"4,01"
U0059,25.0,1132.0,"1 001,04 ₽",1.0,"4,60",29.0,1126.2,"1 065,91 ₽",0.0,"5,00",27.0,5979.1,"13 036,34 ₽",3.0,
U0060,2.0,114.9,"1 140,26 ₽",0.0,"4,37",13.0,590.3,"1 154,21 ₽",2.0,"3,50",11.0,508.9,"1 106,53 ₽",1.0,"4,60"
U0061,4.0,221.4,"357,66 ₽",1.0,"3,98",10.0,495.2,"306,18 ₽",0.0,"4,31",7.0,223.4,"386,14 ₽",1.0,"4,50"
U0062,25.0,937.9,"501,47 ₽",1.0,"4,67",19.0,827.2,"427,46 ₽",0.0,"4,51",24.0,779.3,"355,31 ₽",0.0,"4,41"
U0063,53.0,2669.2,"954,52 ₽",0.0,"5,00",49.0,2705.9,"1 012,26 ₽",0.0,"4,47",57.0,2647.0,"941,33 ₽",1.0,"3,81"
U0064,28.0,1291.0,"785,29 ₽",1.0,"4,59",31.0,1067.6,"779,34 ₽",1.0,"3,87",40.0,2012.4,"945,60 ₽",1.0,"4,87"
U0065,29.0,1187.3,"527,28 ₽",1.0,"4,42",37.0,1652.7,"746,28 ₽",2.0,"4,51",28.0,1411.3,"678,54 ₽",4.0,"3,67"
U0066,20.0,1157.0,"759,75 ₽",1.0,"5,00",28.0,1429.3,"690,78 ₽",0.0,"4,80",27.0,1549.1,"793,00 ₽",2.0,"3,17"
U0067,30.0,1099.7,"1 152,61 ₽",1.0,"4,42",28.0,1078.0,"1 124,44 ₽",1.0,"3,82",28.0,1840.1,"1 181,28 ₽",3.0,"3,79"
U0068,2.0,166.8,"681,99 ₽",2.0,"4,17",13.0,630.1,"701,63 ₽",0.0,"3,96",16.0,412.6,"802,99 ₽",0.0,"5,00"
U0069,19.0,1060.0,"1 183,35 ₽",1.0,"3,85",19.0,567.0,"1 045,97 ₽",0.0,"5,00",11.0,588.9,"1 051,86 ₽",0.0,"4,42"
U0070,59.0,2125.0,"1 030,16 ₽",0.0,"4,79",70.0,3066.9,"1 332,76 ₽",1.0,"4,35",78.0,2130.5,"1 123,29 ₽",1.0,"4,42"
U0071,25.0,1163.5,"768,65 ₽",0.0,"4,46",35.0,1619.3,"880,89 ₽",0.0,"4,36",35.0,1233.3,"664,55 ₽",1.0,"4,48"
U0072,34.0,1692.2,"897,71 ₽",1.0,"5,00",51.0,2216.6,"1 013,36 ₽",1.0,"4,79",46.0,1468.1,"806,88 ₽",2.0,"4,13"
U0073,39.0,1540.7,"656,09 ₽",0.0,"4,08",42.0,1683.5,"702,40 ₽",2.0,"3,66",51.0,1554.2,"653,91 ₽",1.0,"4,09"
U0074,32.0,995.2,"516,86 ₽",0.0,"4,83",21.0,879.1,"416,19 ₽",1.0,"4,28",26.0,1092.8,"600,44 ₽",0.0,"4,61"
U0075,36.0,1194.5,"543,19 ₽",2.0,"4,53",39.0,1509.4,"694,28 ₽",0.0,"4,57",34.0,1006.8,"504,84 ₽",2.0,"4,63"
U0076,22.0,828.7,"1 122,17 ₽",0.0,"4,70",14.0,304.5,"976,23 ₽",0.0,"4,85",24.0,1217.6,"1 154,25 ₽",2.0,"4,10"
U0077,28.0,1499.7,"1 223,74 ₽",0.0,"5,00",32.0,1752.3,"1 079,31 ₽",0.0,"5,00",35.0,1508.7,"1 082,09 ₽",3.0,"4,39"
U0078,11.0,401.8,"771,38 ₽",0.0,"4,58",6.0,199.6,"682,13 ₽",1.0,"4,31",9.0,310.4,"724,30 ₽",1.0,"4,53"
U0079,22.0,992.9,"621,49 ₽",0.0,"5,00",22.0,907.0,"737,83 ₽",0.0,"4,31",25.0,1128.2,"631,98 ₽",0.0,"5,00"
U0080,47.0,2379.1,"1 150,86 ₽",0.0,"4,64",57.0,2759.0,"1 192,71 ₽",0.0,"4,32",49.0,2351.7,"1 189,64 ₽",3.0,"3,57"
U0081,71.0,2829.3,"1 698,55 ₽",2.0,"3,71",74.0,2909.4,"1 660,95 ₽",1.0,"4,56",86.0,3527.4,,2.0,"4,00"
U0082,57.0,2222.1,"1 047,93 ₽",2.0,"3,88",54.0,3017.8,"1 183,68 ₽",0.0,"4,79",58.0,2953.5,"1 276,33 ₽",1.0,"4,65"
U0083,60.0,2383.7,"1 118,53 ₽",0.0,"4,92",64.0,2593.1,"1 200,57 ₽",1.0,"4,49",68.0,1681.2,"997,35 ₽",2.0,"3,25"
U0084,,1631.9,"629,12 ₽",3.0,"3,55",43.0,1353.1,"533,45 ₽",0.0,"4,45",44.0,1738.0,"731,86 ₽",2.0,"3,51"
U0085,59.0,2243.8,"977,83 ₽",0.0,"4,13",62.0,2339.3,"1 073,03 ₽",1.0,"4,10",72.0,1928.2,"843,13 ₽",0.0,"4,77"
U0086,16.0,626.2,"654,19 ₽",0.0,"4,39",14.0,504.7,"685,52 ₽",0.0,"4,55",20.0,988.6,"704,68 ₽",0.0,"4,90"
U0087,5.0,232.3,"651,32 ₽",1.0,"4,42",12.0,385.7,"785,19 ₽",1.0,"4,62",10.0,158.4,"687,99 ₽",0.0,"4,27"
U0088,21.0,743.5,"1 099,60 ₽",2.0,"4,02",21.0,1047.1,"1 100,80 ₽",1.0,"4,30",24.0,1043.1,"1 131,34 ₽",1.0,"4,49"
U0089,44.0,1487.1,"1 728,70 ₽",2.0,"4,14",51.0,2963.4,"1 691,05 ₽",0.0,"4,36",57.0,2913.3,"1 683,58 ₽",0.0,"4,84"
U0090,17.0,534.8,"396,55 ₽",0.0,"4,93",14.0,876.5,"452,14 ₽",1.0,"4,21",17.0,771.6,"497,37 ₽",0.0,"4,84"
U0091,59.0,2953.9,"1 718,89 ₽",1.0,"4,13",68.0,2473.0,"1 795,48 ₽",2.0,"4,49",56.0,2022.7,"1 700,69 ₽",0.0,"4,88"
U0092,14.0,512.0,"298,27 ₽",1.0,"4,29",16.0,936.8,,1.0,"4,25",19.0,900.0,"546,57 ₽",0.0,"4,68"
U0093,37.0,1499.1,"626,40 ₽",1.0,"4,51",35.0,1335.7,"578,59 ₽",0.0,"4,78",46.0,2048.4,"817,15 ₽",1.0,"4,09"
U0094,28.0,1140.7,"693,28 ₽",0.0,"5,00",33.0,1045.8,"717,61 ₽",1.0,"4,15",42.0,1155.4,"674,99 ₽",0.0,"4,60"
U0095,36.0,1806.3,"1 057,53 ₽",0.0,"5,00",38.0,1333.6,"1 165,44 ₽",1.0,"4,08",44.0,922.2,"1 107,22 ₽",0.0,"5,00"
U0096,17.0,811.2,"616,57 ₽",1.0,"3,89",13.0,400.1,"673,70 ₽",1.0,"4,62",18.0,946.7,"585,57 ₽",0.0,"5,00"
U0097,13.0,698.2,"472,57 ₽",0.0,"4,78",21.0,945.1,"438,77 ₽",1.0,"4,64",17.0,803.3,"525,52 ₽",2.0,"3,80"
U0098,27.0,1247.7,"611,26 ₽",1.0,"3,48",31.0,1075.0,"561,42 ₽",1.0,"4,26",36.0,1225.9,"603,26 ₽",0.0,"4,10"
U0099,21.0,995.2,"756,87 ₽",1.0,"4,06",17.0,890.1,"725,02 ₽",0.0,"4,94",18.0,649.5,"634,31 ₽",0.0,"3,56"
U0100,41.0,1850.1,"844,03 ₽",0.0,"4,84",39.0,1997.3,"893,58 ₽",0.0,"5,00",53.0,1649.5,"812,20 ₽",0.0,"3,98"
U0101,22.0,759.5,"678,82 ₽",0.0,"5,00",26.0,1165.7,"700,04 ₽",0.0,"4,31",28.0,888.0,"708,62 ₽",0.0,"4,65"
U0102,35.0,1056.8,"806,81 ₽",1.0,"3,60",25.0,1138.3,"685,13 ₽",1.0,"4,04",41.0,2017.3,"893,07 ₽",0.0,"4,37"
U0103,43.0,2438.0,"1 129,34 ₽",1.0,"4,61",46.0,1978.6,"926,21 ₽",5.0,"3,04",54.0,1797.2,"775,32 ₽",0.0,"4,69"
U0104,8.0,474.8,"406,57 ₽",1.0,"4,27",7.0,186.5,"395,25 ₽",0.0,"4,98",8.0,453.9,"291,61 ₽",1.0,"4,95"
U0105,24.0,959.4,"771,90 ₽",1.0,"4,96",33.0,1395.6,"853,10 ₽",0.0,"4,66",29.0,1388.6,"713,81 ₽",0.0,"4,79"
U0106,16.0,739.3,"1 081,73 ₽",1.0,"4,09",9.0,262.4,"1 159,88 ₽",1.0,"3,93",24.0,725.0,"1 119,07 ₽",0.0,"4,74"
U0107,15.0,474.2,"582,59 ₽",1.0,"4,52",13.0,537.9,"653,05 ₽",0.0,"5,00",18.0,908.0,"704,35 ₽",0.0,"5,00"
U0108,2.0,101.7,"364,04 ₽",2.0,"4,76",16.0,274.9,"456,38 ₽",0.0,"4,54",18.0,612.9,"349,19 ₽",1.0,"4,59"
U0109,32.0,1363.2,"1 137,03 ₽",0.0,"4,48",24.0,896.3,"1 091,07 ₽",0.0,"4,53",30.0,1150.0,,1.0,"4,63"
U0110,26.0,852.1,"377,11 ₽",1.0,"4,44",34.0,2252.6,"872,43 ₽",0.0,"4,43",38.0,1597.1,"732,30 ₽",1.0,"4,88"
U0111,32.0,1101.8,"684,05 ₽",1.0,"4,73",39.0,2458.5,"970,63 ₽",1.0,"4,62",43.0,2446.5,"992,34 ₽",1.0,"4,26"
U0112,17.0,687.2,"525,99 ₽",0.0,"4,86",7.0,507.7,"488,59 ₽",0.0,"4,30",8.0,424.4,"346,25 ₽",1.0,"4,41"
U0113,46.0,1491.8,"1 146,87 ₽",0.0,"4,37",49.0,,"1 068,88 ₽",1.0,"4,92",55.0,2648.9,"1 271,35 ₽",0.0,"4,41"
U0114,27.0,777.4,"1 166,15 ₽",0.0,"4,80",35.0,1437.6,"1 141,87 ₽",0.0,"4,69",38.0,644.6,"1 070,89 ₽",1.0,"4,35"
U0115,13.0,634.0,"412,78 ₽",1.0,"4,62",21.0,1057.6,"469,32 ₽",1.0,"3,82",21.0,831.4,"426,84 ₽",2.0,"4,07"
U0116,22.0,790.7,"764,87 ₽",0.0,"4,53",21.0,1053.8,"723,97 ₽",0.0,"5,00",25.0,1265.4,"750,78 ₽",1.0,"3,82"
U0117,14.0,658.9,"1 070,48 ₽",0.0,"4,91",18.0,392.0,"1 130,35 ₽",0.0,"4,85",24.0,1216.6,"1 169,61 ₽",0.0,"4,44"
U0118,50.0,1791.8,"1 007,87 ₽",1.0,"4,06",54.0,2947.1,"1 323,35 ₽",2.0,"3,91",58.0,2478.9,"1 265,06 ₽",0.0,"4,17"
U0119,29.0,1444.6,"618,10 ₽",0.0,"4,62",36.0,1711.9,"618,12 ₽",1.0,"3,83",24.0,1166.2,"512,31 ₽",0.0,"4,79"
U0120,14.0,674.7,"646,69 ₽",,"4,36",8.0,324.3,"663,63 ₽",1.0,"4,93",3.0,483.7,"688,48 ₽",0.0,"5,00"
U0121,4.0,118.7,"783,22 ₽",0.0,"4,72",1.0,0.0,,0.0,"5,00",8.0,238.1,"586,37 ₽",0.0,
U0122,25.0,836.0,"1 592,44 ₽",1.0,"4,52",26.0,1522.5,"1 634,36 ₽",0.0,"5,00",25.0,1119.0,"1 732,71 ₽",0.0,"4,82"
U0123,33.0,1479.5,"772,27 ₽",1.0,"4,43",43.0,1581.9,"885,61 ₽",1.0,"4,18",47.0,1777.4,"926,44 ₽",1.0,"3,85"
U0124,29.0,1620.1,"818,89 ₽",0.0,"4,05",25.0,1231.1,"694,92 ₽",0.0,"3,86",28.0,1684.8,"802,21 ₽",1.0,"4,36"
U0125,9.0,256.6,"1 076,78 ₽",0.0,"4,88",15.0,341.2,"1 225,92 ₽",1.0,"4,24",23.0,1212.7,"1 054,92 ₽",1.0,"4,23"
U0126,18.0,840.0,"685,05 ₽",0.0,"4,64",20.0,731.2,"761,41 ₽",0.0,"4,47",24.0,1137.8,"660,01 ₽",0.0,"4,51"
U0127,27.0,1002.9,"721,22 ₽",0.0,"4,87",24.0,1012.8,,2.0,"3,75",28.0,907.2,"660,64 ₽",0.0,"5,00"
U0128,44.0,1783.0,"1 091,82 ₽",0.0,"4,42",54.0,2658.5,"1 123,07 ₽",1.0,"4,31",52.0,,,1.0,"4,37"
U0129,24.0,904.4,"732,77 ₽",0.0,"4,42",21.0,1329.8,"807,65 ₽",1.0,"3,22",16.0,696.2,"692,78 ₽",0.0,"4,53"
U0130,38.0,1602.4,"635,00 ₽",1.0,"4,12",40.0,2513.8,"1 001,89 ₽",2.0,"3,53",42.0,1177.7,"530,61 ₽",1.0,"4,40"
U0131,22.0,640.9,"412,41 ₽",3.0,"4,14",20.0,495.4,"488,51 ₽",0.0,"4,01",30.0,1475.0,"623,55 ₽",1.0,"4,54"
U0132,53.0,2605.0,"1 187,92 ₽",1.0,"3,93",58.0,1882.4,"1 056,67 ₽",0.0,"4,23",59.0,1877.6,"998,81 ₽",0.0,"4,64"
U0133,13.0,832.4,"307,42 ₽",1.0,"4,26",13.0,391.2,"498,02 ₽",1.0,"4,95",14.0,667.2,"441,64 ₽",1.0,"4,54"
U0134,46.0,1512.0,"1 053,79 ₽",0.0,"4,91",50.0,1913.2,"1 194,66 ₽",0.0,"4,49",54.0,2036.9,"1 049,33 ₽",3.0,"4,11"
U0135,17.0,772.4,"742,87 ₽",2.0,"4,29",25.0,1018.8,"711,66 ₽",0.0,"4,92",27.0,1073.5,"711,26 ₽",2.0,"4,08"
U0136,12.0,767.0,"628,36 ₽",2.0,"3,51",12.0,498.0,"679,85 ₽",0.0,"4,02",13.0,462.7,"769,61 ₽",0.0,"5,00"
U0137,41.0,1722.5,"1 151,34 ₽",0.0,"3,98",40.0,1934.7,"1 106,32 ₽",0.0,"4,00",46.0,1684.3,"1 123,82 ₽",0.0,"4,68"
U0138,7.0,307.7,"321,83 ₽",1.0,"4,53",15.0,535.6,"362,29 ₽",0.0,"4,83",14.0,752.7,"364,32 ₽",0.0,"4,53"
U0139,27.0,1156.4,"605,16 ₽",1.0,"4,53",27.0,1142.8,"687,07 ₽",1.0,"4,25",27.0,1026.7,"720,09 ₽",2.0,"3,97"
U0140,42.0,1636.4,"1 634,57 ₽",1.0,"4,24",49.0,2504.8,"1 665,35 ₽",0.0,"4,71",49.0,1725.9,"1 753,07 ₽",0.0,"4,55"
U0141,38.0,1654.8,"835,37 ₽",0.0,"4,96",34.0,1859.5,"924,35 ₽",0.0,"4,75",34.0,896.3,"662,81 ₽",1.0,"4,11"
U0142,32.0,1326.8,"1 141,13 ₽",1.0,"4,09",33.0,1569.8,"1 080,16 ₽",1.0,"4,23",37.0,1577.4,"1 103,10 ₽",1.0,"4,96"
U0143,8.0,218.3,"710,70 ₽",0.0,"4,87",14.0,716.0,"727,74 ₽",1.0,"4,22",14.0,508.1,"724,53 ₽",0.0,"4,48"
U0144,45.0,2228.5,"1 023,79 ₽",1.0,"4,06",53.0,1841.7,"1 178,10 ₽",0.0,"4,92",51.0,3004.9,"1 312,27 ₽",0.0,"4,61"
U0145,30.0,976.2,"632,31 ₽",0.0,"4,80",28.0,1381.6,"705,66 ₽",0.0,"4,84",34.0,1030.3,"773,35 ₽",0.0,"4,49"
U0146,9.0,482.3,"729,83 ₽",1.0,"4,54",2.0,4.1,"678,53 ₽",0.0,"5,00",6.0,263.1,"729,48 ₽",0.0,"4,99"
U0147,86.0,2425.5,"1 717,22 ₽",0.0,"4,55",85.0,4543.1,"1 772,56 ₽",0.0,"4,82",93.0,3214.0,"1 623,47 ₽",2.0,"3,72"
U0148,25.0,1168.3,"1 142,54 ₽",0.0,"4,88",19.0,790.3,"1 200,83 ₽",0.0,"4,62",36.0,1604.3,"1 192,45 ₽",1.0,"4,36"
U0149,18.0,793.9,"504,08 ₽",4.0,"3,80",31.0,1349.4,"555,50 ₽",2.0,"3,70",28.0,1356.7,"585,40 ₽",2.0,"3,36"
U0150,35.0,1612.7,"780,88 ₽",1.0,"4,69",42.0,2145.6,"818,48 ₽",0.0,"4,47",42.0,1928.0,"722,76 ₽",1.0,"4,55"
U0151,40.0,1148.9,"1 677,04 ₽",1.0,"4,60",51.0,2029.3,"1 689,66 ₽",1.0,"4,42",45.0,2205.3,"1 669,42 ₽",1.0,
U0152,21.0,892.8,,0.0,"4,60",29.0,1178.5,"688,53 ₽",1.0,"3,95",31.0,1463.8,"772,33 ₽",0.0,"4,44"
U0153,9.0,481.5,"735,24 ₽",2.0,"4,35",21.0,1196.8,"814,67 ₽",0.0,"5,00",22.0,1109.6,"721,09 ₽",1.0,"4,66"
U0154,8.0,242.5,"1 085,91 ₽",0.0,"4,71",6.0,241.7,"1 137,51 ₽",0.0,"4,63",17.0,431.5,"1 173,97 ₽",0.0,"4,72"
U0155,45.0,2887.7,"1 166,57 ₽",2.0,"4,46",49.0,1172.6,"662,87 ₽",0.0,"4,37",49.0,2614.6,"1 221,05 ₽",0.0,"4,74"
U0156,6.0,53.9,"337,45 ₽",0.0,"4,73",11.0,281.1,"347,85 ₽",0.0,"4,82",16.0,774.7,"434,30 ₽",1.0,"4,64"
U0157,21.0,1148.6,"708,37 ₽",0.0,"4,79",29.0,519.0,"715,58 ₽",2.0,"3,90",32.0,1473.7,"729,63 ₽",2.0,"3,87"
U0158,11.0,397.3,"244,16 ₽",0.0,"4,91",7.0,297.9,"386,15 ₽",0.0,"4,64",7.0,425.6,"364,28 ₽",1.0,"4,36"
U0159,18.0,1059.5,"756,79 ₽",1.0,"3,73",28.0,1126.7,"659,80 ₽",1.0,"4,10",30.0,1209.6,"771,22 ₽",0.0,"4,86"
U0160,19.0,782.2,"644,96 ₽",0.0,"4,69",21.0,1106.2,"784,00 ₽",0.0,"4,58",9.0,297.2,"677,62 ₽",1.0,"4,69"
U0161,18.0,699.1,"387,38 ₽",0.0,"4,40",21.0,724.2,"405,31 ₽",0.0,"4,89",29.0,1395.3,"586,17 ₽",0.0,"4,53"
U0162,35.0,1283.9,"672,31 ₽",0.0,"4,26",31.0,1363.3,"670,23 ₽",1.0,"4,16",27.0,1365.8,"779,56 ₽",0.0,"4,86"
U0163,15.0,813.3,"1 111,45 ₽",1.0,"4,27",15.0,629.2,"1 115,48 ₽",2.0,"3,52",21.0,1002.6,"1 124,44 ₽",1.0,"4,37"
U0164,46.0,1911.1,"893,57 ₽",1.0,"4,22",60.0,2165.7,"964,97 ₽",1.0,"4,55",69.0,1927.3,"990,35 ₽",2.0,"4,04"
U0165,21.0,669.9,"734,09 ₽",2.0,"4,24",23.0,394.5,"646,31 ₽",0.0,"4,78",25.0,,"695,14 ₽",0.0,"4,85"
U0166,16.0,764.1,"607,32 ₽",2.0,"3,95",23.0,976.4,"715,30 ₽",0.0,"4,69",21.0,1013.3,"744,95 ₽",0.0,"4,64"
U0167,15.0,554.2,"763,70 ₽",1.0,"4,72",15.0,573.1,"810,71 ₽",1.0,"4,57",22.0,696.6,"737,64 ₽",0.0,"4,96"
U0168,26.0,1258.3,"1 084,31 ₽",0.0,"4,14",29.0,1769.2,"1 145,85 ₽",,"4,29",28.0,1188.3,"1 046,33 ₽",1.0,"4,21"
U0169,18.0,766.5,"674,75 ₽",1.0,"4,07",29.0,1928.4,"1 006,09 ₽",1.0,"5,00",22.0,686.5,"672,79 ₽",0.0,"4,83"
U0170,4.0,319.6,"636,49 ₽",2.0,"4,04",2.0,71.7,"667,92 ₽",0.0,"4,70",2.0,25.5,"793,35 ₽",0.0,"4,35"
U0171,27.0,396.1,"587,80 ₽",3.0,"3,90",31.0,940.8,"649,60 ₽",0.0,"4,41",35.0,1557.9,"803,19 ₽",2.0,
U0172,14.0,375.4,"739,73 ₽",0.0,"4,69",16.0,480.3,"682,89 ₽",0.0,"4,74",24.0,1031.6,"698,49 ₽",1.0,"4,90"
U0173,42.0,2083.7,"960,39 ₽",0.0,"4,64",55.0,1503.4,"761,61 ₽",1.0,"4,06",65.0,2171.5,"1 062,53 ₽",3.0,"4,10"
U0174,26.0,,"1 105,05 ₽",0.0,"4,37",27.0,817.3,"1 106,83 ₽",0.0,,33.0,1447.4,"1 029,56 ₽",0.0,"4,10"
U0175,,1205.0,"1 044,58 ₽",3.0,"3,96",28.0,935.3,"1 048,86 ₽",2.0,"3,71",41.0,1280.0,"1 020,50 ₽",1.0,"4,71"
U0176,15.0,279.0,"452,47 ₽",2.0,"4,21",20.0,916.9,"446,66 ₽",1.0,"4,35",22.0,601.6,"351,68 ₽",1.0,"5,00"
U0177,17.0,1038.0,"761,86 ₽",1.0,"4,69",16.0,482.7,"748,19 ₽",1.0,"4,63",11.0,731.1,"693,30 ₽",0.0,"5,00"
U0178,21.0,499.7,"631,79 ₽",2.0,"4,71",22.0,1000.5,"682,41 ₽",0.0,"3,85",30.0,1069.4,"779,90 ₽",1.0,"4,64"
U0179,26.0,1450.0,"1 159,38 ₽",2.0,"4,15",25.0,815.5,"1 041,37 ₽",1.0,,24.0,1256.7,"1 071,25 ₽",1.0,"4,36"
U0180,52.0,2700.5,"1 293,88 ₽",2.0,,59.0,2690.2,"1 317,10 ₽",0.0,"5,00",55.0,1619.3,"1 133,40 ₽",0.0,"4,13"
U0181,29.0,1262.4,"667,89 ₽",1.0,"4,48",26.0,1160.3,"840,27 ₽",0.0,"5,00",29.0,1083.7,"641,52 ₽",0.0,"5,00"
U0182,40.0,1609.3,"1 723,70 ₽",0.0,"4,51",51.0,1778.7,"1 663,69 ₽",1.0,"4,35",48.0,2180.1,"1 723,31 ₽",1.0,"4,64"
U0183,34.0,1795.9,"1 071,25 ₽",1.0,"3,61",25.0,1442.5,"1 193,62 ₽",1.0,"4,70",31.0,1331.4,"1 143,29 ₽",1.0,"3,89"
U0184,21.0,654.0,"478,00 ₽",2.0,"4,26",26.0,962.7,"459,66 ₽",1.0,"4,95",28.0,1382.7,"589,01 ₽",0.0,"4,31"
U0185,44.0,1920.5,"886,71 ₽",0.0,"4,75",52.0,2131.6,"1 051,76 ₽",0.0,"4,68",49.0,2033.2,"965,95 ₽",1.0,"4,21"
U0186,24.0,1262.5,"706,02 ₽",1.0,"4,29",21.0,608.7,"744,78 ₽",3.0,"3,88",20.0,803.7,"700,75 ₽",1.0,"4,26"
U0187,25.0,1023.6,"699,01 ₽",0.0,"4,19",23.0,1102.0,"702,99 ₽",1.0,"4,49",27.0,1025.7,"768,36 ₽",1.0,"4,51"
U0188,20.0,1154.1,"639,23 ₽",3.0,"3,77",9.0,228.7,"724,02 ₽",1.0,"4,60",21.0,713.0,"763,70 ₽",0.0,"4,99"
U0189,25.0,1649.0,"785,37 ₽",2.0,"4,01",21.0,693.0,"714,22 ₽",0.0,"4,47",26.0,1602.1,"788,47 ₽",0.0,"4,99"
U0190,28.0,1718.0,"620,62 ₽",0.0,"4,72",31.0,1085.9,"617,03 ₽",0.0,"4,81",29.0,1489.3,"675,60 ₽",0.0,"4,97"
U0191,53.0,2312.4,"961,47 ₽",1.0,"4,47",49.0,2627.2,"1 171,90 ₽",3.0,"3,58",56.0,2259.6,,2.0,"4,13"
U0192,17.0,565.4,"764,23 ₽",1.0,"4,14",20.0,833.3,"752,80 ₽",1.0,"4,73",14.0,507.3,"662,47 ₽",0.0,"4,63"
U0193,18.0,575.9,"325,82 ₽",2.0,"3,68",21.0,713.2,"477,08 ₽",0.0,"4,58",21.0,1162.5,"560,74 ₽",0.0,"4,28"
U0194,38.0,1713.4,"1 715,41 ₽",1.0,"4,61",47.0,1875.9,"1 591,85 ₽",1.0,"3,89",44.0,1553.8,"1 720,56 ₽",0.0,"4,81"
U0195,8.0,216.1,"1 083,21 ₽",0.0,"4,73",9.0,244.8,"1 176,74 ₽",0.0,"4,47",16.0,589.9,"1 219,25 ₽",1.0,"4,46"
U0196,14.0,365.8,"376,07 ₽",2.0,"5,00",19.0,848.5,"435,86 ₽",0.0,"3,80",19.0,1060.4,"468,04 ₽",1.0,"4,64"
U0197,13.0,793.7,"1 134,62 ₽",0.0,"4,81",15.0,493.9,"1 029,09 ₽",1.0,"3,41",11.0,482.7,"1 132,98 ₽",0.0,"5,00"
U0198,62.0,2170.9,"939,75 ₽",0.0,"5,00",72.0,2899.9,"1 151,88 ₽",2.0,"3,87",72.0,2569.7,"1 046,13 ₽",1.0,"4,86"
U0199,22.0,852.5,"698,15 ₽",0.0,"4,28",19.0,639.1,"739,54 ₽",0.0,"4,59",16.0,,"753,85 ₽",0.0,"5,00"
U0200,24.0,934.1,,0.0,"4,41",23.0,1010.5,"698,35 ₽",0.0,"5,00",23.0,1381.9,"744,09 ₽",0.0,"4,92"
U0201,15.0,576.8,"406,81 ₽",1.0,"4,15",17.0,667.4,"432,62 ₽",1.0,"4,41",13.0,319.5,"424,73 ₽",0.0,"5,00"
U0202,50.0,2568.9,"1 220,81 ₽",2.0,"3,88",51.0,2317.6,"1 121,03 ₽",2.0,"4,12",44.0,2138.8,"1 167,75 ₽",1.0,"4,18"
U0203,36.0,1860.3,"1 056,32 ₽",1.0,"4,09",31.0,1255.2,"1 154,07 ₽",1.0,"3,90",34.0,1856.7,"1 061,70 ₽",2.0,"3,87"
U0204,45.0,2331.8,"1 043,57 ₽",0.0,"3,89",61.0,1539.6,"815,51 ₽",3.0,"4,06",58.0,2476.1,"1 092,05 ₽",0.0,"4,85"
U0205,36.0,1178.3,"775,05 ₽",1.0,"3,76",42.0,1450.2,"766,73 ₽",1.0,"4,87",45.0,1656.5,"859,70 ₽",2.0,"4,13"
U0206,19.0,611.0,"444,97 ₽",1.0,"5,00",17.0,891.4,"420,32 ₽",2.0,"3,80",19.0,1108.1,"610,12 ₽",0.0,"4,96"
U0207,40.0,2261.3,"1 077,97 ₽",1.0,"4,36",42.0,1487.9,"792,38 ₽",,"3,88",43.0,2059.9,"927,96 ₽",0.0,"4,47"
U0208,23.0,975.7,"1 694,35 ₽",0.0,,31.0,1011.3,"1 730,19 ₽",3.0,"3,54",30.0,1177.7,"1 698,46 ₽",1.0,"4,86"
U0209,6.0,312.2,"766,22 ₽",0.0,"4,41",14.0,907.1,"746,37 ₽",2.0,"3,49",8.0,402.7,"665,90 ₽",0.0,"4,18"
U0210,45.0,1965.2,"974,29 ₽",2.0,"3,39",52.0,1938.3,"805,58 ₽",0.0,"4,79",55.0,2330.3,"1 022,02 ₽",1.0,"4,18"
U0211,32.0,1008.6,"1 024,33 ₽",1.0,"4,35",45.0,1612.2,"1 084,92 ₽",1.0,"4,79",52.0,1601.3,"1 140,67 ₽",,"4,14"
U0212,20.0,432.2,"631,18 ₽",0.0,"4,48",27.0,1046.9,"732,09 ₽",0.0,"4,83",30.0,778.8,"755,04 ₽",0.0,"4,47"
U0213,15.0,943.5,"650,33 ₽",0.0,"5,00",11.0,436.1,"699,02 ₽",0.0,"4,58",19.0,837.0,"646,04 ₽",2.0,"4,28"
U0214,9.0,307.0,"502,86 ₽",0.0,"5,00",11.0,767.3,"451,29 ₽",0.0,"4,73",26.0,1021.2,"521,36 ₽",1.0,"3,95"
U0215,28.0,1160.7,"790,76 ₽",0.0,"5,00",31.0,1563.2,"870,10 ₽",1.0,"4,60",42.0,1875.3,"788,23 ₽",0.0,"4,26"
U0216,28.0,1141.4,"490,07 ₽",0.0,"4,46",31.0,791.5,"426,80 ₽",2.0,"3,54",34.0,1160.2,"530,11 ₽",0.0,"4,50"
U0217,11.0,422.4,"732,93 ₽",2.0,"4,35",25.0,1115.1,"678,89 ₽",0.0,"4,99",,955.7,"724,07 ₽",0.0,"4,02"
U0218,24.0,932.3,"679,30 ₽",1.0,"4,18",21.0,827.0,"623,28 ₽",0.0,"4,97",18.0,699.8,"675,60 ₽",2.0,"4,90"
U0219,41.0,1206.4,"660,74 ₽",0.0,"4,85",48.0,1962.4,"980,52 ₽",0.0,"4,76",43.0,2498.0,"952,23 ₽",1.0,"4,44"
U0220,22.0,1097.7,"703,51 ₽",1.0,"4,11",33.0,1742.1,"778,20 ₽",0.0,"4,35",24.0,1255.6,"753,36 ₽",0.0,"4,47"
U0221,27.0,1437.8,"773,38 ₽",0.0,"4,59",27.0,1555.0,"748,42 ₽",0.0,"5,00",29.0,1460.8,"773,68 ₽",0.0,"4,32"
U0222,38.0,913.2,"472,28 ₽",0.0,"4,97",34.0,993.5,"510,96 ₽",0.0,"4,74",46.0,1599.1,"577,70 ₽",0.0,"3,72"
U0223,43.0,2044.9,"866,34 ₽",0.0,"4,36",48.0,2077.3,"916,41 ₽",0.0,"4,21",48.0,2278.4,"778,98 ₽",0.0,"4,03"
U0224,23.0,825.8,"705,53 ₽",0.0,"4,84",19.0,,"710,91 ₽",0.0,"5,00",21.0,1023.5,"683,78 ₽",0.0,"5,00"
U0225,14.0,785.1,"709,77 ₽",2.0,"3,77",23.0,1054.6,"667,89 ₽",1.0,"4,41",23.0,935.1,"740,13 ₽",0.0,"4,52"
U0226,35.0,1073.5,"735,57 ₽",1.0,"3,77",22.0,915.5,"668,23 ₽",0.0,"4,69",38.0,1327.5,"695,12 ₽",2.0,"3,57"
U0227,28.0,940.0,"428,73 ₽",0.0,"4,27",24.0,1080.7,"477,30 ₽",1.0,"4,57",27.0,1174.2,"501,63 ₽",2.0,"3,93"
U0228,8.0,479.6,"389,93 ₽",1.0,"5,00",13.0,369.9,"385,13 ₽",1.0,"4,23",17.0,646.1,"289,12 ₽",2.0,"3,93"
U0229,20.0,522.1,"1 039,90 ₽",0.0,"5,00",19.0,1295.9,"1 009,84 ₽",0.0,"4,11",29.0,1243.7,"1 064,06 ₽",0.0,"4,65"
U0230,17.0,904.5,"638,87 ₽",0.0,"4,05",23.0,1287.8,"789,50 ₽",1.0,,34.0,1771.7,"892,93 ₽",0.0,"4,93"
U0231,22.0,836.3,"812,06 ₽",0.0,"5,00",11.0,442.2,"679,95 ₽",0.0,"4,35",23.0,1168.2,"778,08 ₽",0.0,"4,67"
U0232,18.0,894.2,"698,94 ₽",0.0,,11.0,235.6,"800,53 ₽",0.0,"4,36",23.0,1391.0,"732,30 ₽",,"5,00"
U0233,23.0,1331.3,"609,77 ₽",1.0,"5,00",29.0,1449.6,"634,15 ₽",0.0,"4,63",28.0,1226.7,"568,57 ₽",0.0,"3,55"
U0234,41.0,1667.3,"776,51 ₽",2.0,"3,61",36.0,1400.0,"681,21 ₽",0.0,"5,00",41.0,2438.1,"961,23 ₽",0.0,"4,64"
U0235,19.0,636.2,"380,55 ₽",1.0,"3,96",19.0,419.9,"355,25 ₽",0.0,"4,92",25.0,1167.1,"603,99 ₽",2.0,"3,90"
U0236,40.0,1283.3,"676,79 ₽",0.0,"4,98",,2569.9,"1 079,04 ₽",1.0,"4,31",51.0,2828.3,"1 137,21 ₽",3.0,"3,77"
U0237,17.0,863.0,"1 693,97 ₽",0.0,"4,85",14.0,641.8,"1 776,69 ₽",1.0,"4,48",20.0,1015.7,"1 571,93 ₽",0.0,"4,96"
U0238,21.0,441.4,"442,26 ₽",0.0,"4,16",15.0,633.3,"367,81 ₽",0.0,"4,38",19.0,748.9,"395,82 ₽",0.0,"4,57"
U0239,48.0,2363.7,"881,47 ₽",0.0,"3,72",48.0,2531.6,"929,30 ₽",1.0,"4,42",60.0,2222.8,"878,40 ₽",2.0,"3,99"
U0240,26.0,1046.3,"692,09 ₽",2.0,"4,31",33.0,1137.9,"728,75 ₽",1.0,"5,00",36.0,1369.7,"804,11 ₽",1.0,"3,87"
U0241,25.0,484.7,"1 116,42 ₽",0.0,"4,14",29.0,1160.3,"1 079,82 ₽",1.0,"4,33",38.0,1653.1,"1 191,84 ₽",2.0,"4,00"
U0242,15.0,799.1,"699,21 ₽",1.0,"4,13",15.0,727.9,"703,15 ₽",2.0,"4,32",20.0,801.3,"691,94 ₽",2.0,"3,91"
U0243,50.0,2125.8,"1 015,76 ₽",0.0,"4,46",55.0,3157.8,"1 346,76 ₽",1.0,"4,50",67.0,2691.2,"1 261,73 ₽",1.0,"3,56"
U0244,16.0,919.8,"437,05 ₽",1.0,"4,34",,1164.2,"501,60 ₽",2.0,"4,24",10.0,295.3,"377,63 ₽",0.0,"4,75"
U0245,12.0,493.9,"1 165,68 ₽",0.0,"4,64",17.0,712.2,"1 179,63 ₽",0.0,"4,77",19.0,776.1,"1 001,82 ₽",0.0,"4,14"
U0246,57.0,2700.0,"1 106,46 ₽",0.0,"3,99",49.0,2959.8,"1 201,33 ₽",0.0,"4,67",58.0,2805.2,"1 098,30 ₽",0.0,"4,60"
U0247,3.0,19.2,"753,88 ₽",0.0,"4,66",8.0,382.8,"731,72 ₽",0.0,"4,13",5.0,204.7,"678,65 ₽",2.0,"4,38"
U0248,32.0,1087.8,"519,39 ₽",3.0,"3,93",33.0,1775.8,"642,45 ₽",1.0,"3,78",31.0,1658.3,"698,74 ₽",0.0,"4,49"
U0249,7.0,308.4,"752,80 ₽",0.0,"5,00",14.0,657.3,"759,56 ₽",1.0,"4,39",2.0,171.3,"689,50 ₽",0.0,"4,48"
U0250,12.0,349.3,"633,55 ₽",0.0,"4,45",3.0,155.5,"641,80 ₽",0.0,"4,48",5.0,190.1,"663,18 ₽",0.0,"4,94"
U0251,19.0,464.5,"648,68 ₽",0.0,"4,56",21.0,927.9,"781,88 ₽",1.0,"3,66",11.0,537.0,"657,77 ₽",0.0,"4,50"
U0252,31.0,989.0,"697,21 ₽",0.0,"4,89",32.0,1539.2,"758,55 ₽",0.0,"4,92",37.0,1488.1,"723,56 ₽",1.0,"4,81"
U0253,29.0,,"623,17 ₽",1.0,"3,90",27.0,787.8,"447,88 ₽",,"4,42",27.0,757.6,"494,74 ₽",0.0,"4,46"
U0254,33.0,1929.4,"978,46 ₽",0.0,"4,77",34.0,1481.9,"725,22 ₽",0.0,"4,83",44.0,1752.3,"908,77 ₽",0.0,"4,82"
U0255,28.0,1418.2,,2.0,"4,30",37.0,1362.5,"818,59 ₽",1.0,"3,78",32.0,725.4,"807,09 ₽",0.0,"4,80"
U0256,20.0,707.3,"316,45 ₽",1.0,"4,18",17.0,670.2,"412,81 ₽",3.0,"3,95",22.0,1036.7,"551,78 ₽",2.0,"4,09"
U0257,30.0,913.0,"1 752,91 ₽",1.0,,27.0,1341.5,"1 716,55 ₽",0.0,"4,00",35.0,1145.0,"1 729,71 ₽",0.0,"4,49"
U0258,26.0,1245.3,"678,58 ₽",0.0,"4,39",17.0,920.6,"487,24 ₽",0.0,"4,83",30.0,1259.5,"633,35 ₽",0.0,"4,94"
U0259,16.0,416.7,"806,98 ₽",0.0,"4,40",21.0,,"661,59 ₽",0.0,"4,79",19.0,1054.7,"745,56 ₽",1.0,"4,06"
U0260,59.0,2968.4,"1 122,43 ₽",1.0,"3,99",56.0,2308.4,"1 094,82 ₽",2.0,"3,67",72.0,2053.2,"964,44 ₽",3.0,"3,85"
U0261,54.0,2800.7,"1 420,06 ₽",2.0,"3,84",59.0,2371.0,"1 191,87 ₽",1.0,"4,19",62.0,2490.6,"1 142,47 ₽",2.0,"3,59"
U0262,23.0,994.6,"427,62 ₽",1.0,"4,09",36.0,968.6,"498,70 ₽",1.0,"4,55",25.0,1605.9,"687,76 ₽",2.0,"3,94"
U0263,10.0,325.8,"444,21 ₽",1.0,"4,74",8.0,282.0,"397,88 ₽",1.0,"4,39",17.0,1014.5,"479,34 ₽",0.0,"4,90"
U0264,34.0,874.9,"795,38 ₽",3.0,"2,93",42.0,1978.4,"993,75 ₽",3.0,"4,15",41.0,2086.9,"797,86 ₽",1.0,"4,16"
U0265,27.0,1481.9,"1 074,95 ₽",0.0,"4,58",27.0,1366.0,"1 175,83 ₽",1.0,"4,44",29.0,1288.4,"1 117,19 ₽",2.0,"4,19"
U0266,16.0,633.8,"354,06 ₽",1.0,"4,69",11.0,391.5,"424,14 ₽",0.0,"4,42",14.0,728.9,"490,00 ₽",1.0,"4,03"
U0267,10.0,,"635,68 ₽",0.0,"4,68",18.0,1046.9,"569,36 ₽",1.0,"4,24",18.0,788.2,"690,96 ₽",0.0,"4,73"
U0268,22.0,929.7,"654,00 ₽",1.0,"4,25",27.0,976.7,"665,93 ₽",1.0,"4,10",30.0,1919.0,"1 011,67 ₽",1.0,"4,26"
U0269,21.0,748.9,"1 157,37 ₽",1.0,"4,47",20.0,656.5,"1 086,65 ₽",0.0,"4,39",20.0,989.3,"1 045,40 ₽",0.0,"4,55"
U0270,34.0,1193.1,"1 174,03 ₽",0.0,"5,00",34.0,1379.6,"1 072,42 ₽",2.0,"4,12",37.0,1551.2,"1 116,81 ₽",0.0,"4,66"
U0271,,390.1,"398,23 ₽",1.0,"3,97",16.0,693.3,"407,95 ₽",0.0,"4,47",13.0,582.5,"446,59 ₽",2.0,"3,89"
U0272,40.0,886.3,,1.0,"4,24",48.0,1789.9,"740,98 ₽",2.0,"4,18",48.0,1985.3,"805,79 ₽",0.0,"4,08"
U0273,12.0,442.9,"687,29 ₽",0.0,"4,83",18.0,982.5,"696,12 ₽",1.0,"4,53",11.0,433.4,"655,31 ₽",0.0,"4,36"
U0274,34.0,1197.8,"718,49 ₽",1.0,"4,23",25.0,1460.2,"811,56 ₽",0.0,"4,69",34.0,942.6,"678,85 ₽",1.0,"4,38"
U0275,15.0,715.4,"623,25 ₽",0.0,"5,00",27.0,843.4,"746,05 ₽",1.0,"4,26",26.0,906.3,"711,41 ₽",1.0,"4,33"
U0276,72.0,2409.9,"1 688,37 ₽",0.0,"4,74",72.0,3578.1,"1 613,07 ₽",1.0,"4,40",82.0,2911.2,"1 737,21 ₽",1.0,"4,06"
U0277,35.0,861.4,"1 087,19 ₽",0.0,"5,00",43.0,2340.8,"1 179,54 ₽",1.0,"4,41",43.0,2098.2,"1 094,20 ₽",0.0,"4,75"
U0278,28.0,883.5,"1 032,15 ₽",0.0,"5,00",38.0,1830.8,"1 080,88 ₽",0.0,"4,02",48.0,1571.6,"1 107,64 ₽",1.0,"4,38"
U0279,22.0,1329.7,"591,50 ₽",0.0,"4,46",22.0,946.9,"496,39 ₽",0.0,"5,00",20.0,830.9,"412,22 ₽",1.0,"4,67"
U0280,34.0,1929.5,"1 730,25 ₽",0.0,"4,89",29.0,868.6,"1 616,12 ₽",1.0,"4,43",33.0,1631.6,"1 715,96 ₽",1.0,"4,37"
U0281,41.0,1669.3,"1 118,19 ₽",1.0,"4,44",39.0,1478.7,"1 124,11 ₽",0.0,"4,69",44.0,1838.3,"1 140,37 ₽",2.0,"4,08"
U0282,18.0,959.5,"415,71 ₽",0.0,"4,90",20.0,703.5,"408,41 ₽",0.0,"4,64",20.0,743.3,"366,03 ₽",0.0,"4,81"
U0283,41.0,1287.0,"1 110,38 ₽",,"4,29",42.0,1178.9,"1 188,47 ₽",0.0,"4,05",41.0,1225.8,"1 132,51 ₽",0.0,"4,37"
U0284,26.0,1231.2,"691,42 ₽",0.0,"4,45",35.0,2554.2,"1 021,39 ₽",0.0,"5,00",27.0,1771.1,"950,07 ₽",0.0,"4,51"
U0285,25.0,1088.7,"620,79 ₽",0.0,"5,00",29.0,752.9,"558,46 ₽",1.0,"4,47",34.0,1315.1,"575,82 ₽",1.0,"4,98"
U0286,22.0,,"1 777,92 ₽",0.0,"4,76",22.0,796.0,"1 687,29 ₽",0.0,"4,51",25.0,1300.9,"1 705,87 ₽",0.0,"4,59"
U0287,29.0,581.9,"1 132,34 ₽",1.0,"4,90",26.0,1796.5,"1 080,94 ₽",1.0,"4,17",24.0,1073.4,"1 127,09 ₽",1.0,"4,42"
U0288,127.0,5725.2,"2 188,84 ₽",0.0,"4,63",134.0,7280.6,"2 653,60 ₽",0.0,"4,25",142.0,7659.0,"2 763,03 ₽",4.0,"3,05"
U0289,36.0,1733.4,"1 659,41 ₽",2.0,"4,56",46.0,1954.2,"1 609,36 ₽",2.0,"3,06",41.0,1723.3,"1 636,82 ₽",1.0,"4,59"
U0290,61.0,2488.3,"1 114,62 ₽",2.0,"4,33",69.0,3218.3,"1 384,40 ₽",0.0,"5,00",84.0,3682.1,"1 405,53 ₽",0.0,"4,02"
U0291,46.0,1740.3,"1 707,63 ₽",0.0,"4,32",47.0,2093.6,"1 746,30 ₽",2.0,"4,49",43.0,2013.2,"1 806,59 ₽",1.0,"3,74"
U0292,23.0,1105.3,"494,52 ₽",1.0,"4,17",24.0,1283.2,"540,19 ₽",0.0,"4,88",,991.9,"572,22 ₽",1.0,"4,07"
U0293,18.0,619.2,"683,64 ₽",1.0,"4,52",24.0,1493.7,"814,53 ₽",0.0,"4,65",30.0,994.8,"769,82 ₽",0.0,"4,54"
U0294,48.0,1064.6,"744,53 ₽",1.0,"4,41",50.0,2551.2,"1 066,93 ₽",0.0,"4,78",44.0,1377.7,"794,96 ₽",1.0,"4,17"
U0295,24.0,1159.9,"669,41 ₽",1.0,"4,00",,1133.8,"706,09 ₽",0.0,"4,36",22.0,881.8,"707,30 ₽",2.0,"4,67"
U0296,16.0,971.0,"1 117,96 ₽",1.0,"4,66",19.0,864.7,"1 070,23 ₽",0.0,"4,32",32.0,1265.0,"1 085,22 ₽",1.0,"4,09"
U0297,9.0,,"350,34 ₽",1.0,"4,33",13.0,385.8,"449,37 ₽",0.0,"4,20",18.0,851.6,"543,98 ₽",0.0,"5,00"
U0298,14.0,726.8,"1 069,36 ₽",,"4,21",19.0,974.7,"1 117,35 ₽",0.0,"4,98",13.0,616.3,"1 146,73 ₽",1.0,"4,68"
U0299,4.0,237.1,"713,52 ₽",0.0,"4,55",17.0,441.5,"643,92 ₽",0.0,"4,74",9.0,490.5,"695,96 ₽",0.0,"4,25"
U0300,29.0,940.0,"1 083,91 ₽",0.0,"5,00",31.0,1217.7,"1 015,36 ₽",1.0,"4,26",36.0,1389.3,"1 150,59 ₽",1.0,"3,84"
U0301,13.0,514.8,"586,66 ₽",1.0,"4,43",14.0,255.4,"681,26 ₽",0.0,"4,73",13.0,187.7,"721,89 ₽",0.0,"4,36"
U0302,28.0,1220.5,"733,59 ₽",0.0,"4,76",27.0,1323.5,"719,95 ₽",1.0,"4,56",28.0,1090.5,"674,11 ₽",3.0,"3,62"
U0303,23.0,756.3,"712,39 ₽",0.0,"4,51",19.0,753.1,"642,72 ₽",0.0,"4,15",23.0,688.2,"620,98 ₽",1.0,"4,72"
U0304,34.0,1565.4,"1 091,31 ₽",0.0,"4,18",31.0,1145.9,"1 141,58 ₽",0.0,"4,56",30.0,1389.2,"1 062,56 ₽",0.0,"4,68"
U0305,26.0,1095.6,"532,52 ₽",1.0,"4,06",18.0,903.9,"445,40 ₽",2.0,"3,77",31.0,1015.0,"539,59 ₽",1.0,"5,00"
U0306,27.0,1386.4,"721,04 ₽",0.0,"4,57",37.0,1576.8,"820,58 ₽",0.0,"4,18",34.0,1254.0,"723,59 ₽",1.0,"4,49"
U0307,61.0,2746.4,"1 820,23 ₽",2.0,"4,29",58.0,3603.0,"1 773,05 ₽",2.0,"4,55",73.0,3271.6,"1 612,86 ₽",,"4,35"
U0308,24.0,1289.6,"640,96 ₽",0.0,"3,96",35.0,1652.9,"751,33 ₽",1.0,"4,24",29.0,1547.0,"713,36 ₽",2.0,"3,66"
U0309,62.0,3236.8,"1 251,72 ₽",1.0,"3,85",63.0,3581.2,"1 395,27 ₽",2.0,"4,02",74.0,2471.5,"1 025,40 ₽",0.0,"4,18"
U0310,36.0,1894.8,"909,53 ₽",2.0,"4,25",34.0,1423.8,"787,08 ₽",1.0,"4,63",41.0,2160.6,"992,66 ₽",1.0,"3,81"
U0311,14.0,582.9,"721,37 ₽",1.0,"4,41",12.0,443.8,"637,16 ₽",,"4,96",22.0,753.9,"675,17 ₽",0.0,"5,00"
U0312,17.0,723.0,"394,93 ₽",0.0,"4,40",25.0,832.3,"486,94 ₽",1.0,"4,11",24.0,1023.9,"525,81 ₽",1.0,"4,71"
U0313,26.0,739.6,"1 065,93 ₽",0.0,"4,92",14.0,592.1,"1 063,51 ₽",1.0,"4,32",25.0,678.4,"1 025,28 ₽",0.0,"5,00"
U0314,40.0,1533.0,"1 668,35 ₽",1.0,"4,19",39.0,1859.8,"1 709,69 ₽",3.0,"4,19",40.0,1711.9,"1 735,81 ₽",1.0,"4,91"
U0315,35.0,1812.0,"923,09 ₽",4.0,"3,77",37.0,1357.6,"790,95 ₽",1.0,"5,00",38.0,1696.1,"942,22 ₽",3.0,"4,15"
U0316,50.0,1792.8,"902,69 ₽",3.0,"3,90",40.0,2030.2,"964,33 ₽",0.0,"4,91",45.0,2129.6,"960,90 ₽",1.0,"4,83"
U0317,12.0,452.0,"677,75 ₽",1.0,"4,42",17.0,769.2,"730,64 ₽",0.0,"5,00",14.0,575.2,"723,60 ₽",0.0,"4,19"
U0318,16.0,721.4,"627,43 ₽",0.0,"4,55",21.0,849.0,"718,19 ₽",2.0,"4,59",14.0,537.5,"607,54 ₽",2.0,"4,21"
U0319,17.0,937.9,"414,99 ₽",1.0,"4,14",15.0,934.4,"474,20 ₽",0.0,"4,77",17.0,898.6,"446,23 ₽",1.0,"4,20"
U0320,29.0,1050.0,"1 149,62 ₽",1.0,"4,90",34.0,1368.7,"1 107,33 ₽",1.0,"4,39",30.0,964.1,"1 178,19 ₽",2.0,"3,89"
U0321,37.0,1174.2,"1 062,55 ₽",0.0,"5,00",35.0,,"1 141,79 ₽",0.0,"4,17",41.0,4672.0,"5 372,04 ₽",2.0,"4,74"
U0322,15.0,679.7,"805,82 ₽",0.0,"5,00",7.0,414.4,"663,34 ₽",1.0,"4,41",10.0,156.5,"621,20 ₽",0.0,"4,61"
U0323,26.0,1088.9,"1 633,26 ₽",0.0,"4,84",19.0,795.1,"1 720,22 ₽",0.0,"4,27",20.0,648.0,"1 597,98 ₽",0.0,"3,67"
U0324,10.0,255.9,"318,49 ₽",0.0,"4,95",11.0,620.4,"423,83 ₽",0.0,"4,30",15.0,376.0,"392,27 ₽",1.0,"4,19"
U0325,26.0,1196.3,"631,89 ₽",2.0,"4,24",32.0,1245.8,"706,99 ₽",1.0,"4,22",28.0,717.1,"678,40 ₽",1.0,"3,73"
U0326,24.0,931.4,"432,35 ₽",1.0,"4,31",30.0,848.2,"437,93 ₽",0.0,,34.0,1742.6,"823,19 ₽",0.0,"4,30"
U0327,64.0,2928.6,"1 667,87 ₽",2.0,"4,08",71.0,,"1 753,31 ₽",0.0,"4,67",72.0,2726.0,"1 699,69 ₽",1.0,"4,33"
U0328,21.0,624.5,"782,57 ₽",1.0,"4,49",17.0,862.1,"549,44 ₽",2.0,"4,31",13.0,574.0,"697,77 ₽",0.0,"4,93"
U0329,54.0,1286.7,"573,83 ₽",2.0,"4,25",58.0,2899.3,"1 056,04 ₽",2.0,"3,53",60.0,1849.7,"816,62 ₽",2.0,"4,19"
U0330,37.0,1690.2,"796,83 ₽",0.0,"4,04",34.0,922.0,"524,80 ₽",1.0,"4,71",43.0,1274.0,"564,40 ₽",1.0,"4,55"
U0331,37.0,1894.2,"719,17 ₽",0.0,"4,92",45.0,2150.9,"809,14 ₽",1.0,"4,81",42.0,2391.8,"939,07 ₽",2.0,"3,69"
U0332,39.0,1317.6,"1 042,57 ₽",1.0,"4,49",33.0,682.1,"1 054,04 ₽",0.0,"4,87",44.0,1362.4,"1 110,70 ₽",1.0,"4,34"
U0333,45.0,1827.0,"1 103,78 ₽",1.0,"4,31",43.0,1470.7,"1 074,24 ₽",3.0,"3,58",54.0,1158.2,"1 091,78 ₽",2.0,"4,26"
U0334,79.0,3156.6,"1 559,01 ₽",3.0,"4,04",90.0,4285.1,"1 839,50 ₽",1.0,"4,82",102.0,4638.2,"1 861,03 ₽",0.0,"4,52"
U0335,31.0,1110.0,"527,04 ₽",0.0,"4,46",37.0,1323.9,"674,43 ₽",1.0,"4,05",38.0,1544.5,"589,30 ₽",2.0,"3,99"
U0336,58.0,2465.0,"1 171,01 ₽",0.0,"5,00",66.0,3586.1,"1 509,59 ₽",1.0,"4,37",62.0,2194.2,"1 133,09 ₽",1.0,"4,45"
U0337,18.0,735.5,"617,71 ₽",0.0,"4,75",29.0,1452.1,"892,31 ₽",1.0,"4,49",33.0,1337.7,"801,63 ₽",2.0,"4,49"
U0338,20.0,617.8,"762,75 ₽",0.0,"4,41",32.0,1601.9,"872,58 ₽",0.0,"4,73",21.0,758.5,"726,78 ₽",2.0,"4,25"
U0339,18.0,707.8,"637,37 ₽",1.0,"4,47",23.0,783.4,"710,75 ₽",1.0,"4,29",24.0,1242.5,"678,77 ₽",1.0,"4,30"
U0340,20.0,799.7,"731,96 ₽",0.0,"5,00",21.0,927.3,"725,98 ₽",0.0,"4,33",26.0,838.2,"744,15 ₽",2.0,"3,68"
U0341,21.0,846.1,"661,17 ₽",0.0,"4,57",19.0,825.3,"642,91 ₽",0.0,"4,43",29.0,1161.1,"742,24 ₽",0.0,"4,76"
U0342,44.0,1210.7,"710,74 ₽",1.0,"4,69",51.0,1908.2,"1 005,13 ₽",3.0,"3,50",57.0,2251.5,"1 015,10 ₽",0.0,"3,93"
U0343,44.0,1805.8,"855,76 ₽",0.0,"4,91",52.0,2723.3,"1 123,25 ₽",0.0,"4,71",51.0,3139.1,"1 318,19 ₽",0.0,"4,00"
U0344,11.0,578.3,"401,82 ₽",0.0,"4,76",12.0,316.6,"465,24 ₽",0.0,"5,00",24.0,1166.1,"567,58 ₽",2.0,"3,92"
U0345,16.0,459.2,"756,89 ₽",1.0,"3,61",19.0,972.1,"757,05 ₽",1.0,"4,37",23.0,1151.9,"583,08 ₽",0.0,"4,53"
U0346,17.0,710.8,"1 193,02 ₽",1.0,"4,99",9.0,282.9,"1 017,90 ₽",0.0,"4,09",21.0,658.1,"1 017,36 ₽",0.0,"4,93"
U0347,15.0,681.8,"663,86 ₽",1.0,"4,14",13.0,773.6,"703,82 ₽",1.0,"3,91",16.0,649.6,"744,20 ₽",0.0,"4,72"
U0348,51.0,1545.7,"1 076,10 ₽",0.0,"4,58",48.0,1735.1,"989,68 ₽",0.0,"4,93",48.0,1605.4,"1 098,85 ₽",0.0,"4,21"
U0349,16.0,501.3,"443,65 ₽",0.0,"4,58",31.0,1883.4,"774,71 ₽",2.0,"4,16",30.0,986.9,"520,69 ₽",0.0,"5,00"
U0350,27.0,1130.7,"1 097,02 ₽",1.0,"4,36",31.0,1342.2,"1 158,44 ₽",1.0,"3,89",36.0,2095.2,"1 122,04 ₽",0.0,"4,70"
U0351,26.0,1481.0,"695,77 ₽",0.0,"4,78",29.0,914.7,"475,28 ₽",1.0,"4,21",32.0,1492.1,"681,85 ₽",0.0,"4,42"
U0352,12.0,630.3,"396,87 ₽",0.0,"4,88",24.0,1584.6,"676,69 ₽",0.0,"5,00",20.0,955.7,"379,33 ₽",0.0,"4,86"
U0353,5.0,272.2,"450,84 ₽",2.0,"3,91",8.0,409.4,"451,30 ₽",0.0,"4,92",24.0,1255.8,"596,90 ₽",0.0,"4,67"
U0354,27.0,929.9,"510,61 ₽",0.0,"5,00",33.0,1211.9,"586,62 ₽",1.0,"3,08",40.0,1331.0,"674,50 ₽",0.0,"4,43"
U0355,30.0,1734.9,"882,92 ₽",0.0,"4,32",28.0,1428.7,"787,78 ₽",1.0,"4,84",32.0,1763.2,"793,66 ₽",0.0,"3,97"
U0356,26.0,663.3,"611,94 ₽",0.0,"4,33",23.0,783.2,"772,53 ₽",3.0,"3,42",31.0,929.2,"654,81 ₽",1.0,"4,67"
U0357,17.0,961.8,"709,64 ₽",3.0,"3,43",20.0,569.8,"713,05 ₽",0.0,"4,86",26.0,1196.7,"760,18 ₽",0.0,"4,65"
U0358,34.0,1323.5,"751,36 ₽",1.0,"5,00",32.0,1641.9,"799,32 ₽",0.0,"4,21",36.0,1348.3,"642,28 ₽",0.0,"4,49"
U0359,48.0,1244.0,"737,28 ₽",1.0,"4,09",57.0,2937.4,"1 240,39 ₽",3.0,"4,21",55.0,2560.5,"994,25 ₽",0.0,"4,41"
U0360,39.0,1600.0,"1 645,45 ₽",0.0,"4,61",29.0,1236.3,"1 731,19 ₽",0.0,"3,69",44.0,1962.1,"1 698,39 ₽",0.0,"4,68"
U0361,16.0,652.2,"294,36 ₽",1.0,,18.0,909.9,"489,97 ₽",0.0,"4,78",20.0,639.2,"426,58 ₽",0.0,"4,61"
U0362,48.0,2300.2,"1 066,17 ₽",0.0,"4,32",47.0,2238.6,"951,62 ₽",0.0,"5,00",52.0,1974.5,"876,26 ₽",1.0,"3,79"
U0363,18.0,865.6,"677,27 ₽",0.0,"4,52",13.0,255.9,"689,40 ₽",0.0,"4,41",22.0,1196.8,"691,81 ₽",2.0,"3,91"
U0364,20.0,993.9,"702,40 ₽",2.0,"3,67",16.0,566.0,"714,40 ₽",0.0,"4,78",28.0,1615.9,"919,23 ₽",1.0,"3,94"
U0365,63.0,2871.9,"1 372,94 ₽",1.0,"4,34",64.0,1869.6,"1 038,69 ₽",0.0,"3,95",74.0,3041.2,"1 269,74 ₽",1.0,"4,32"
U0366,21.0,619.1,"1 727,29 ₽",0.0,"5,00",22.0,1252.9,"1 687,66 ₽",0.0,"4,87",18.0,946.3,"1 640,01 ₽",2.0,"4,61"
U0367,14.0,850.8,"687,51 ₽",0.0,"4,75",12.0,440.6,"765,83 ₽",0.0,"4,82",14.0,590.4,"752,98 ₽",0.0,"5,00"
U0368,42.0,1265.1,"617,83 ₽",3.0,"3,91",39.0,2204.1,"937,92 ₽",1.0,"4,26",45.0,3887.9,"4 509,48 ₽",2.0,"3,92"
U0369,,1116.4,"1 082,96 ₽",1.0,"3,95",31.0,1097.8,"1 087,22 ₽",1.0,"5,00",28.0,887.2,"1 177,78 ₽",0.0,"4,68"
U0370,15.0,361.3,"417,45 ₽",0.0,"4,04",10.0,484.9,"444,03 ₽",0.0,"4,97",20.0,761.6,"482,25 ₽",0.0,"4,39"
U0371,66.0,2430.1,"1 282,98 ₽",2.0,"4,11",65.0,3834.3,"1 559,91 ₽",0.0,"5,00",71.0,3625.2,"1 521,48 ₽",3.0,"3,49"
U0372,,231.4,"1 006,66 ₽",0.0,"4,61",6.0,192.2,"1 032,62 ₽",0.0,"5,00",1.0,49.4,"1 118,77 ₽",1.0,"4,78"
U0373,33.0,1787.4,"912,95 ₽",0.0,"4,89",31.0,1460.1,"738,91 ₽",1.0,"4,70",31.0,1321.0,"712,58 ₽",0.0,"4,22"
U0374,71.0,3284.0,"1 279,71 ₽",0.0,"4,28",68.0,3711.6,"1 359,76 ₽",2.0,"3,07",77.0,4304.4,"1 575,47 ₽",1.0,"4,25"
U0375,5.0,211.3,"594,15 ₽",1.0,"4,00",13.0,585.7,"706,03 ₽",0.0,"4,34",16.0,719.4,"768,85 ₽",2.0,"3,63"
U0376,34.0,900.3,"1 146,36 ₽",,"4,25",42.0,1649.6,"1 143,48 ₽",0.0,"5,00",43.0,2186.1,"998,92 ₽",2.0,"3,86"
U0377,18.0,436.9,"1 131,47 ₽",1.0,"4,39",9.0,507.3,"1 054,46 ₽",0.0,"3,71",12.0,690.0,"1 150,79 ₽",0.0,"4,38"
U0378,14.0,652.3,"707,40 ₽",0.0,"3,92",8.0,397.1,"660,20 ₽",0.0,"4,49",10.0,901.5,"6 354,66 ₽",0.0,"4,43"
U0379,35.0,1685.7,"738,81 ₽",0.0,"4,00",43.0,1995.2,"1 008,49 ₽",1.0,"4,18",55.0,1997.0,"937,21 ₽",1.0,"4,40"
U0380,19.0,670.9,"781,08 ₽",1.0,"4,74",22.0,852.5,"609,12 ₽",0.0,"4,46",24.0,1058.0,"766,76 ₽",0.0,"5,00"
U0381,20.0,758.9,"419,68 ₽",0.0,"4,68",15.0,791.1,"381,81 ₽",0.0,"4,05",20.0,611.6,"412,39 ₽",1.0,"4,19"
U0382,24.0,935.9,"690,85 ₽",0.0,"4,48",30.0,1176.7,"771,41 ₽",0.0,"4,71",28.0,1332.6,"724,46 ₽",0.0,"4,56"
U0383,21.0,852.1,"761,77 ₽",1.0,"4,50",16.0,587.9,"685,41 ₽",,"3,95",,885.8,"684,42 ₽",0.0,"4,39"
U0384,33.0,1426.7,"705,89 ₽",2.0,"3,92",31.0,1492.0,"795,66 ₽",0.0,"4,82",42.0,1700.8,"804,39 ₽",2.0,"3,75"
U0385,53.0,1903.4,"1 754,40 ₽",1.0,"4,15",58.0,2654.7,"1 704,88 ₽",0.0,"4,91",52.0,1373.4,"1 686,86 ₽",1.0,"4,79"
U0386,18.0,469.2,"425,71 ₽",0.0,"5,00",37.0,1663.8,"775,17 ₽",3.0,"3,85",38.0,1260.4,"651,13 ₽",2.0,"4,32"
U0387,26.0,1027.9,"509,48 ₽",2.0,"4,07",,1145.2,"523,91 ₽",3.0,"3,86",31.0,1497.2,"682,58 ₽",3.0,"3,66"
U0388,19.0,542.4,"697,79 ₽",0.0,"5,00",17.0,1181.3,"708,80 ₽",0.0,"4,78",25.0,1276.2,"694,03 ₽",1.0,"4,29"
U0389,31.0,914.7,"531,69 ₽",0.0,"4,20",33.0,564.1,"475,12 ₽",1.0,"4,67",33.0,1185.8,"527,80 ₽",1.0,"3,84"
U0390,37.0,1341.9,"597,68 ₽",0.0,"4,43",46.0,2253.1,"865,42 ₽",0.0,"4,37",59.0,2524.9,"919,58 ₽",0.0,"4,21"
U0391,46.0,1823.2,"1 647,73 ₽",3.0,"3,62",55.0,2547.8,"1 672,45 ₽",1.0,"4,87",53.0,2376.5,"1 747,15 ₽",0.0,"5,00"
U0392,22.0,1011.9,"1 139,49 ₽",2.0,"3,65",22.0,788.9,"1 096,72 ₽",1.0,"4,83",20.0,1276.8,"1 068,22 ₽",0.0,"4,67"
U0393,24.0,1159.1,"1 122,23 ₽",2.0,"3,93",21.0,559.8,"1 123,48 ₽",1.0,"3,75",21.0,980.3,"1 129,00 ₽",0.0,"5,00"
U0394,30.0,1813.7,"769,14 ₽",0.0,"4,63",38.0,1283.4,"565,59 ₽",0.0,"4,57",32.0,1236.7,"562,18 ₽",2.0,"4,39"
U0395,24.0,945.2,"726,06 ₽",0.0,"4,67",30.0,889.0,"697,05 ₽",3.0,"4,00",32.0,1019.7,"758,08 ₽",2.0,"3,92"
U0396,24.0,1148.4,"663,17 ₽",0.0,"4,56",23.0,1231.5,"729,49 ₽",6.0,"2,82",32.0,1534.3,"696,31 ₽",0.0,"4,99"
U0397,22.0,939.2,"716,57 ₽",1.0,"3,92",24.0,702.7,"629,77 ₽",2.0,"4,30",29.0,786.1,"686,93 ₽",0.0,"4,83"
U0398,26.0,1103.7,"1 130,62 ₽",1.0,"4,43",22.0,948.9,"1 053,73 ₽",1.0,"4,25",31.0,1412.9,"1 125,81 ₽",2.0,"3,58"
U0399,34.0,1593.9,"917,85 ₽",1.0,"4,64",33.0,1315.1,"782,55 ₽",1.0,"4,67",44.0,1922.4,"944,74 ₽",1.0,
U0400,29.0,1516.2,"697,66 ₽",0.0,"5,00",18.0,888.3,"401,82 ₽",0.0,"4,92",30.0,885.9,"536,98 ₽",1.0,"4,26"
U0401,62.0,3086.6,"1 371,54 ₽",5.0,"3,89",66.0,3532.7,"1 494,80 ₽",0.0,"4,92",73.0,2917.5,"1 248,24 ₽",0.0,"4,45"
U0402,31.0,1077.6,"1 079,30 ₽",1.0,"4,06",28.0,1602.2,"1 127,09 ₽",2.0,"4,48",31.0,1297.0,"1 140,66 ₽",1.0,"4,05"
U0403,23.0,1155.4,"1 078,80 ₽",1.0,"4,09",15.0,793.7,"1 076,62 ₽",1.0,"4,38",23.0,865.7,"1 029,81 ₽",3.0,"3,28"
U0404,11.0,250.6,"348,15 ₽",1.0,"4,24",16.0,608.4,"459,62 ₽",0.0,"5,00",6.0,215.2,"315,97 ₽",0.0,"4,71"
U0405,24.0,996.9,"491,71 ₽",0.0,"4,75",33.0,1106.0,"499,33 ₽",1.0,"4,57",32.0,958.6,"545,03 ₽",1.0,"3,81"
U0406,43.0,1626.6,"1 075,26 ₽",1.0,"4,87",38.0,1350.4,"1 104,70 ₽",0.0,"5,00",,1983.9,"1 213,69 ₽",0.0,"5,00"
U0407,22.0,711.0,"730,76 ₽",1.0,"4,72",29.0,1326.1,"755,39 ₽",0.0,"3,81",31.0,1292.2,"821,39 ₽",0.0,"4,18"
U0408,9.0,215.5,"371,45 ₽",1.0,"4,15",11.0,407.5,,1.0,"4,44",13.0,409.7,"372,71 ₽",0.0,"4,93"
U0409,22.0,1058.9,"690,99 ₽",0.0,"4,97",22.0,920.0,"679,99 ₽",1.0,"4,74",26.0,838.7,"744,71 ₽",0.0,"4,78"
U0410,11.0,514.2,"677,51 ₽",0.0,"4,36",23.0,993.8,"682,73 ₽",0.0,"4,84",22.0,1104.5,"662,88 ₽",0.0,"4,29"
U0411,6.0,208.3,"418,86 ₽",0.0,"4,71",3.0,140.8,"430,06 ₽",0.0,"4,22",8.0,590.7,"348,72 ₽",1.0,"4,36"
U0412,27.0,1746.7,"990,60 ₽",1.0,"4,71",30.0,1370.6,"799,21 ₽",0.0,"5,00",41.0,1379.5,"801,47 ₽",3.0,"3,56"
U0413,25.0,1105.2,"1 105,83 ₽",2.0,"4,52",24.0,979.2,"1 124,29 ₽",1.0,"4,48",26.0,742.5,"1 189,58 ₽",0.0,"4,89"
U0414,11.0,352.6,"648,16 ₽",0.0,"5,00",17.0,881.3,"666,94 ₽",0.0,"4,55",16.0,493.8,"719,66 ₽",1.0,"4,44"
U0415,15.0,679.9,"657,32 ₽",0.0,"4,81",26.0,1099.5,"648,61 ₽",2.0,"3,67",22.0,831.7,"721,92 ₽",0.0,"4,71"
U0416,43.0,1603.6,"1 143,72 ₽",0.0,"4,92",44.0,2507.1,"1 232,84 ₽",0.0,"4,62",49.0,1754.0,"1 118,54 ₽",2.0,"4,56"
U0417,30.0,782.9,"1 096,19 ₽",0.0,"5,00",29.0,1708.7,"1 136,19 ₽",0.0,"4,29",36.0,936.4,"1 171,31 ₽",1.0,"4,17"
U0418,31.0,1619.7,"797,45 ₽",0.0,"4,95",34.0,1294.2,"745,35 ₽",1.0,"4,69",39.0,1597.7,"802,08 ₽",0.0,"4,56"
U0419,14.0,279.3,"450,54 ₽",0.0,"4,96",16.0,576.8,"355,33 ₽",0.0,"4,05",20.0,1046.4,,1.0,"4,40"
U0420,25.0,1103.8,"816,37 ₽",0.0,"4,38",14.0,566.2,"623,01 ₽",0.0,"4,56",18.0,655.5,"661,18 ₽",0.0,"4,83"
U0266,16.0,633.8,"354,06 ₽",1.0,"4,69",11.0,391.5,"424,14 ₽",0.0,"4,42",14.0,728.9,"490,00 ₽",1.0,"4,03"
U0163,15.0,813.3,"1 111,45 ₽",1.0,"4,27",15.0,629.2,"1 115,48 ₽",2.0,"3,52",21.0,1002.6,"1 124,44 ₽",1.0,"4,37"
U0356,26.0,663.3,"611,94 ₽",0.0,"4,33",23.0,783.2,"772,53 ₽",3.0,"3,42",31.0,929.2,"654,81 ₽",1.0,"4,67"
